Date,Visitor,G,Home,G,,Att.,LOG,Notes
12/10/2021,Pittsburgh Penguins,6,Tampa Bay Lightning,2,,19092,02:33,
12/10/2021,Seattle Kraken,3,Vegas Golden Knights,4,,18431,02:25,
13/10/2021,Winnipeg Jets,1,Anaheim Ducks,4,,16260,02:29,
13/10/2021,Chicago Blackhawks,2,Colorado Avalanche,4,,18037,02:32,
13/10/2021,Vancouver Canucks,2,Edmonton Oilers,3,SO,16034,02:42,
13/10/2021,Montreal Canadiens,1,Toronto Maple Leafs,2,,18493,02:33,
13/10/2021,New York Rangers,1,Washington Capitals,5,,18573,02:29,
14/10/2021,Montreal Canadiens,1,Buffalo Sabres,5,,8467,02:26,
14/10/2021,New York Islanders,3,Carolina Hurricanes,6,,18680,02:46,
14/10/2021,Arizona Coyotes,2,Columbus Blue Jackets,8,,17813,02:30,
14/10/2021,Tampa Bay Lightning,7,Detroit Red Wings,6,OT,19515,02:50,
14/10/2021,Pittsburgh Penguins,4,Florida Panthers,5,OT,14308,02:40,
14/10/2021,Vegas Golden Knights,2,Los Angeles Kings,6,,16589,02:32,
14/10/2021,Seattle Kraken,4,Nashville Predators,3,,17159,02:36,
14/10/2021,Dallas Stars,3,New York Rangers,2,OT,17173,02:32,
14/10/2021,Toronto Maple Leafs,2,Ottawa Senators,3,,15159,02:26,
15/10/2021,Minnesota Wild,2,Anaheim Ducks,1,,11938,02:37,
15/10/2021,Chicago Blackhawks,3,New Jersey Devils,4,OT,16514,02:28,
15/10/2021,Vancouver Canucks,5,Philadelphia Flyers,4,SO,19338,02:42,
16/10/2021,Dallas Stars,1,Boston Bruins,3,,17850,02:36,
16/10/2021,Arizona Coyotes,1,Buffalo Sabres,2,SO,7872,02:28,
16/10/2021,Seattle Kraken,1,Columbus Blue Jackets,2,OT,17593,02:25,
16/10/2021,St. Louis Blues,5,Colorado Avalanche,3,,18022,02:32,
16/10/2021,Vancouver Canucks,1,Detroit Red Wings,3,,16274,02:36,
16/10/2021,Calgary Flames,2,Edmonton Oilers,5,,17745,02:36,
16/10/2021,New York Islanders,1,Florida Panthers,5,,12936,02:34,
16/10/2021,Minnesota Wild,3,Los Angeles Kings,2,,12590,02:26,
16/10/2021,New York Rangers,3,Montreal Canadiens,1,,21105,02:30,
16/10/2021,Carolina Hurricanes,3,Nashville Predators,2,,17162,02:35,
16/10/2021,Chicago Blackhawks,2,Pittsburgh Penguins,5,,18420,02:15,
16/10/2021,Winnipeg Jets,3,San Jose Sharks,4,,16137,02:25,
16/10/2021,Ottawa Senators,1,Toronto Maple Leafs,3,,18211,02:29,
16/10/2021,Tampa Bay Lightning,2,Washington Capitals,1,OT,18573,02:43,
17/10/2021,Dallas Stars,2,Ottawa Senators,3,,8067,02:27,
18/10/2021,St. Louis Blues,7,Arizona Coyotes,4,,15235,02:27,
18/10/2021,Anaheim Ducks,3,Calgary Flames,2,OT,15174,02:26,
18/10/2021,Seattle Kraken,1,Philadelphia Flyers,6,,17727,02:30,
18/10/2021,New York Rangers,2,Toronto Maple Leafs,1,OT,18098,02:28,
19/10/2021,Vancouver Canucks,2,Buffalo Sabres,5,,7376,02:17,
19/10/2021,New York Islanders,4,Chicago Blackhawks,1,,20279,02:26,
19/10/2021,Columbus Blue Jackets,1,Detroit Red Wings,4,,14165,02:28,
19/10/2021,Anaheim Ducks,5,Edmonton Oilers,6,,14082,02:33,
19/10/2021,Winnipeg Jets,5,Minnesota Wild,6,OT,18156,02:51,
19/10/2021,San Jose Sharks,5,Montreal Canadiens,0,,16095,02:19,
19/10/2021,Seattle Kraken,2,New Jersey Devils,4,,13806,02:44,
19/10/2021,Los Angeles Kings,1,Nashville Predators,2,,17159,02:26,
19/10/2021,Dallas Stars,2,Pittsburgh Penguins,1,SO,16450,02:28,
19/10/2021,Florida Panthers,4,Tampa Bay Lightning,1,,19092,02:29,
19/10/2021,Colorado Avalanche,3,Washington Capitals,6,,18573,02:32,
20/10/2021,Boston Bruins,3,Philadelphia Flyers,6,,15310,02:26,
20/10/2021,St. Louis Blues,3,Vegas Golden Knights,1,,17690,02:26,
21/10/2021,Edmonton Oilers,5,Arizona Coyotes,1,,9748,02:25,
21/10/2021,New York Islanders,2,Columbus Blue Jackets,3,OT,12937,02:20,
21/10/2021,Vancouver Canucks,4,Chicago Blackhawks,1,,20490,02:27,
21/10/2021,Calgary Flames,3,Detroit Red Wings,0,,14241,02:17,
21/10/2021,Colorado Avalanche,1,Florida Panthers,4,,11245,02:34,
21/10/2021,Carolina Hurricanes,4,Montreal Canadiens,1,,19174,02:29,
21/10/2021,Washington Capitals,4,New Jersey Devils,1,,12377,02:21,
21/10/2021,New York Rangers,3,Nashville Predators,1,,17159,02:41,
21/10/2021,San Jose Sharks,2,Ottawa Senators,1,,8994,02:28,
21/10/2021,Anaheim Ducks,1,Winnipeg Jets,5,,13886,02:20,
22/10/2021,Boston Bruins,4,Buffalo Sabres,1,,7820,02:16,
22/10/2021,Los Angeles Kings,2,Dallas Stars,3,OT,18532,02:27,
22/10/2021,San Jose Sharks,5,Toronto Maple Leafs,3,,18603,02:27,
22/10/2021,Edmonton Oilers,5,Vegas Golden Knights,3,,17978,02:33,
23/10/2021,New York Islanders,3,Arizona Coyotes,0,,11690,02:26,
23/10/2021,Carolina Hurricanes,5,Columbus Blue Jackets,1,,14386,02:22,
23/10/2021,Anaheim Ducks,3,Minnesota Wild,4,OT,18055,02:41,
23/10/2021,Detroit Red Wings,1,Montreal Canadiens,6,,19706,02:21,
23/10/2021,Buffalo Sabres,1,New Jersey Devils,2,OT,13158,02:29,
23/10/2021,New York Rangers,3,Ottawa Senators,2,,11167,02:26,
23/10/2021,Florida Panthers,4,Philadelphia Flyers,2,,16936,02:31,
23/10/2021,Toronto Maple Leafs,1,Pittsburgh Penguins,7,,15397,02:29,
23/10/2021,Vancouver Canucks,4,Seattle Kraken,2,,17151,02:32,
23/10/2021,Los Angeles Kings,3,St. Louis Blues,7,,18096,02:30,
23/10/2021,Colorado Avalanche,4,Tampa Bay Lightning,3,SO,19092,03:04,
23/10/2021,Nashville Predators,4,Winnipeg Jets,6,,14020,02:34,
23/10/2021,Calgary Flames,4,Washington Capitals,3,OT,18573,02:31,
24/10/2021,San Jose Sharks,3,Boston Bruins,4,,17850,02:32,
24/10/2021,Detroit Red Wings,6,Chicago Blackhawks,3,,19042,02:34,
24/10/2021,Nashville Predators,5,Minnesota Wild,2,,16014,02:38,
24/10/2021,New York Islanders,2,Vegas Golden Knights,0,,17699,02:24,
25/10/2021,Tampa Bay Lightning,1,Buffalo Sabres,5,,7417,02:25,
25/10/2021,Toronto Maple Leafs,1,Carolina Hurricanes,4,,14011,02:25,
25/10/2021,Dallas Stars,1,Columbus Blue Jackets,4,,12629,02:24,
25/10/2021,Arizona Coyotes,3,Florida Panthers,5,,13943,02:27,
25/10/2021,Calgary Flames,5,New York Rangers,1,,13590,02:23,
25/10/2021,Washington Capitals,7,Ottawa Senators,5,,11387,02:42,
25/10/2021,Los Angeles Kings,0,St. Louis Blues,3,,16655,02:26,
26/10/2021,Winnipeg Jets,4,Anaheim Ducks,3,,11951,02:24,
26/10/2021,Vegas Golden Knights,3,Colorado Avalanche,1,,17724,02:32,
26/10/2021,Calgary Flames,5,New Jersey Devils,3,,10631,02:33,
26/10/2021,San Jose Sharks,1,Nashville Predators,3,,16395,02:27,
26/10/2021,Tampa Bay Lightning,5,Pittsburgh Penguins,1,,15732,02:28,
26/10/2021,Montreal Canadiens,1,Seattle Kraken,5,,17151,02:20,
26/10/2021,Minnesota Wild,3,Vancouver Canucks,2,,18870,02:28,
27/10/2021,Toronto Maple Leafs,3,Chicago Blackhawks,2,OT,18616,02:29,
27/10/2021,Vegas Golden Knights,3,Dallas Stars,2,OT,18114,02:27,
27/10/2021,Philadelphia Flyers,5,Edmonton Oilers,3,,14328,02:24,
27/10/2021,Boston Bruins,1,Florida Panthers,4,,12306,02:26,
27/10/2021,Detroit Red Wings,3,Washington Capitals,2,OT,18573,02:24,
28/10/2021,Buffalo Sabres,4,Anaheim Ducks,3,OT,12014,02:25,
28/10/2021,Boston Bruins,0,Carolina Hurricanes,3,,16093,02:31,
28/10/2021,Winnipeg Jets,3,Los Angeles Kings,2,,11207,02:16,
28/10/2021,Calgary Flames,4,Pittsburgh Penguins,0,,17743,02:23,
28/10/2021,Minnesota Wild,1,Seattle Kraken,4,,17151,02:29,
28/10/2021,Montreal Canadiens,4,San Jose Sharks,0,,11463,02:23,
28/10/2021,Colorado Avalanche,4,St. Louis Blues,3,,16558,02:43,
28/10/2021,Arizona Coyotes,1,Tampa Bay Lightning,5,,19092,02:35,
28/10/2021,Philadelphia Flyers,2,Vancouver Canucks,1,,18344,02:19,
29/10/2021,Chicago Blackhawks,3,Carolina Hurricanes,6,,16434,02:30,
29/10/2021,Ottawa Senators,4,Dallas Stars,1,,17346,02:28,
29/10/2021,Florida Panthers,3,Detroit Red Wings,2,OT,15593,02:28,
29/10/2021,Columbus Blue Jackets,0,New York Rangers,4,,14532,02:24,
29/10/2021,Anaheim Ducks,4,Vegas Golden Knights,5,SO,18029,02:45,
29/10/2021,Arizona Coyotes,0,Washington Capitals,2,,18573,02:18,
30/10/2021,Florida Panthers,2,Boston Bruins,3,SO,17850,02:33,
30/10/2021,Philadelphia Flyers,0,Calgary Flames,4,,15319,02:29,
30/10/2021,Minnesota Wild,1,Colorado Avalanche,4,,17708,02:33,
30/10/2021,Montreal Canadiens,2,Los Angeles Kings,5,,12785,02:27,
30/10/2021,New York Islanders,2,Nashville Predators,3,SO,17159,02:43,
30/10/2021,New Jersey Devils,4,Pittsburgh Penguins,2,,17452,02:28,
30/10/2021,Winnipeg Jets,1,San Jose Sharks,2,OT,11845,02:22,
30/10/2021,Chicago Blackhawks,0,St. Louis Blues,1,,16856,02:24,
30/10/2021,Detroit Red Wings,4,Toronto Maple Leafs,5,,18921,02:23,
30/10/2021,Edmonton Oilers,2,Vancouver Canucks,1,,18422,02:22,
31/10/2021,Montreal Canadiens,2,Anaheim Ducks,4,,11652,02:23,
31/10/2021,Arizona Coyotes,1,Carolina Hurricanes,2,,14343,02:28,
31/10/2021,Buffalo Sabres,2,Los Angeles Kings,3,,12101,02:19,
31/10/2021,Columbus Blue Jackets,4,New Jersey Devils,3,SO,10239,02:36,
31/10/2021,New York Rangers,3,Seattle Kraken,1,,17151,02:26,
01/11/2021,Ottawa Senators,1,Chicago Blackhawks,5,,15946,02:18,
01/11/2021,Seattle Kraken,2,Edmonton Oilers,5,,15860,02:18,
01/11/2021,Washington Capitals,2,Tampa Bay Lightning,3,,19092,02:28,
02/11/2021,New Jersey Devils,0,Anaheim Ducks,4,,13252,02:27,
02/11/2021,Nashville Predators,3,Calgary Flames,2,OT,14324,02:28,
02/11/2021,Ottawa Senators,4,Minnesota Wild,5,OT,15276,02:43,
02/11/2021,Detroit Red Wings,0,Montreal Canadiens,3,,19547,02:23,
02/11/2021,Arizona Coyotes,0,Philadelphia Flyers,3,,16057,02:24,
02/11/2021,Buffalo Sabres,3,San Jose Sharks,5,,10059,02:19,
02/11/2021,Vegas Golden Knights,0,Toronto Maple Leafs,4,,18689,02:20,
02/11/2021,New York Rangers,2,Vancouver Canucks,3,OT,18257,02:22,
02/11/2021,Dallas Stars,3,Winnipeg Jets,4,SO,13174,02:46,
03/11/2021,Carolina Hurricanes,4,Chicago Blackhawks,3,,16449,02:23,
03/11/2021,Columbus Blue Jackets,5,Colorado Avalanche,4,OT,16634,02:29,
03/11/2021,Nashville Predators,2,Edmonton Oilers,5,,14414,02:28,
03/11/2021,St. Louis Blues,2,Los Angeles Kings,3,SO,11756,02:41,
04/11/2021,Detroit Red Wings,1,Boston Bruins,5,,17850,02:29,
04/11/2021,Dallas Stars,4,Calgary Flames,3,OT,14715,02:34,
04/11/2021,Washington Capitals,4,Florida Panthers,5,OT,12542,02:33,
04/11/2021,New York Islanders,6,Montreal Canadiens,2,,19924,02:28,
04/11/2021,Vegas Golden Knights,5,Ottawa Senators,1,,13211,02:19,
04/11/2021,Philadelphia Flyers,2,Pittsburgh Penguins,3,OT,17037,02:31,
04/11/2021,Buffalo Sabres,2,Seattle Kraken,5,,17151,02:30,
04/11/2021,St. Louis Blues,5,San Jose Sharks,3,,11816,02:23,
04/11/2021,Tampa Bay Lightning,1,Toronto Maple Leafs,2,OT,18937,02:31,
05/11/2021,Arizona Coyotes,1,Anaheim Ducks,3,,12148,02:29,
05/11/2021,New York Rangers,5,Edmonton Oilers,6,OT,17404,02:30,
05/11/2021,New Jersey Devils,2,Los Angeles Kings,3,OT,16045,02:30,
05/11/2021,Nashville Predators,3,Vancouver Canucks,2,,18870,02:27,
05/11/2021,Chicago Blackhawks,1,Winnipeg Jets,5,,13756,02:21,
06/11/2021,Seattle Kraken,4,Arizona Coyotes,5,,15045,02:26,
06/11/2021,Detroit Red Wings,4,Buffalo Sabres,3,OT,8171,02:25,
06/11/2021,Colorado Avalanche,2,Columbus Blue Jackets,4,,16494,02:23,
06/11/2021,New York Rangers,0,Calgary Flames,6,,15879,02:25,
06/11/2021,Carolina Hurricanes,2,Florida Panthers,5,,13835,02:31,
06/11/2021,Vegas Golden Knights,5,Montreal Canadiens,2,,20156,02:31,
06/11/2021,Tampa Bay Lightning,5,Ottawa Senators,3,,12417,02:30,
06/11/2021,Minnesota Wild,5,Pittsburgh Penguins,4,SO,17181,02:46,
06/11/2021,New Jersey Devils,3,San Jose Sharks,2,SO,12019,02:33,
06/11/2021,Boston Bruins,2,Toronto Maple Leafs,5,,19077,02:30,
06/11/2021,New York Islanders,2,Winnipeg Jets,0,,13424,02:22,
06/11/2021,Philadelphia Flyers,2,Washington Capitals,1,,18573,02:23,
07/11/2021,St. Louis Blues,1,Anaheim Ducks,4,,12056,02:29,
07/11/2021,Nashville Predators,1,Chicago Blackhawks,2,OT,16891,02:19,
07/11/2021,Vegas Golden Knights,2,Detroit Red Wings,5,,16598,02:24,
07/11/2021,New York Islanders,2,Minnesota Wild,5,,15547,02:17,
07/11/2021,Dallas Stars,3,Vancouver Canucks,6,,18661,02:25,
08/11/2021,Florida Panthers,3,New York Rangers,4,,14877,02:29,
08/11/2021,Los Angeles Kings,5,Toronto Maple Leafs,1,,18983,02:28,
08/11/2021,Buffalo Sabres,3,Washington Capitals,5,,18573,02:24,
09/11/2021,Ottawa Senators,2,Boston Bruins,3,,17850,02:35,
09/11/2021,San Jose Sharks,4,Calgary Flames,1,,14960,02:31,
09/11/2021,Pittsburgh Penguins,2,Chicago Blackhawks,3,SO,17736,02:41,
09/11/2021,Edmonton Oilers,2,Detroit Red Wings,4,,16953,02:25,
09/11/2021,Los Angeles Kings,3,Montreal Canadiens,2,OT,20042,02:41,
09/11/2021,Florida Panthers,3,New Jersey Devils,7,,10627,02:27,
09/11/2021,Carolina Hurricanes,2,Tampa Bay Lightning,1,OT,19092,02:37,
09/11/2021,Anaheim Ducks,3,Vancouver Canucks,2,OT,18201,02:27,
09/11/2021,Seattle Kraken,2,Vegas Golden Knights,4,,18246,02:26,
09/11/2021,St. Louis Blues,3,Winnipeg Jets,2,SO,14004,02:34,
10/11/2021,Minnesota Wild,5,Arizona Coyotes,2,,13488,02:23,
10/11/2021,Nashville Predators,4,Dallas Stars,2,,17560,02:22,
10/11/2021,Toronto Maple Leafs,3,Philadelphia Flyers,0,,17997,02:33,
11/11/2021,Edmonton Oilers,5,Boston Bruins,3,,17850,02:25,
11/11/2021,Vancouver Canucks,1,Colorado Avalanche,7,,17226,02:23,
11/11/2021,Washington Capitals,2,Detroit Red Wings,0,,16812,02:25,
11/11/2021,Calgary Flames,2,Montreal Canadiens,4,,20399,02:27,
11/11/2021,New York Islanders,0,New Jersey Devils,4,,13816,02:24,
11/11/2021,Los Angeles Kings,2,Ottawa Senators,0,,8221,02:22,
11/11/2021,Florida Panthers,2,Pittsburgh Penguins,3,SO,17194,02:39,
11/11/2021,Anaheim Ducks,7,Seattle Kraken,4,,17151,02:26,
11/11/2021,Nashville Predators,4,St. Louis Blues,3,OT,18096,02:31,
11/11/2021,Minnesota Wild,2,Vegas Golden Knights,3,,18267,02:26,
11/11/2021,San Jose Sharks,1,Winnipeg Jets,4,,14229,02:20,
12/11/2021,Edmonton Oilers,2,Buffalo Sabres,3,,8258,02:34,
12/11/2021,Philadelphia Flyers,2,Carolina Hurricanes,1,,18680,02:36,
12/11/2021,Washington Capitals,4,Columbus Blue Jackets,3,,16985,02:24,
12/11/2021,Arizona Coyotes,1,Chicago Blackhawks,2,,17828,02:32,
12/11/2021,Calgary Flames,1,Toronto Maple Leafs,2,OT,18826,02:29,
13/11/2021,Toronto Maple Leafs,5,Buffalo Sabres,4,,7992,02:21,
13/11/2021,St. Louis Blues,2,Carolina Hurricanes,3,,18680,02:22,
13/11/2021,New York Rangers,5,Columbus Blue Jackets,3,,15539,02:29,
13/11/2021,San Jose Sharks,2,Colorado Avalanche,6,,18015,02:28,
13/11/2021,Philadelphia Flyers,2,Dallas Stars,5,,18532,02:31,
13/11/2021,Montreal Canadiens,2,Detroit Red Wings,3,OT,18076,02:39,
13/11/2021,Boston Bruins,5,New Jersey Devils,2,,16514,02:30,
13/11/2021,Arizona Coyotes,1,Nashville Predators,4,,17159,02:29,
13/11/2021,Pittsburgh Penguins,3,Ottawa Senators,6,,14661,02:22,
13/11/2021,Minnesota Wild,4,Seattle Kraken,2,,17151,02:26,
13/11/2021,Florida Panthers,2,Tampa Bay Lightning,3,OT,19092,02:40,
13/11/2021,Vancouver Canucks,4,Vegas Golden Knights,7,,18264,02:36,
13/11/2021,Los Angeles Kings,2,Winnipeg Jets,3,OT,13776,02:17,
14/11/2021,Vancouver Canucks,1,Anaheim Ducks,5,,11892,02:21,
14/11/2021,Montreal Canadiens,2,Boston Bruins,5,,17850,02:29,
14/11/2021,New Jersey Devils,3,New York Rangers,4,SO,16130,02:53,
14/11/2021,Calgary Flames,4,Ottawa Senators,0,,10244,02:27,
14/11/2021,Edmonton Oilers,5,St. Louis Blues,4,,18096,02:32,
14/11/2021,Pittsburgh Penguins,1,Washington Capitals,6,,18573,02:21,
15/11/2021,Detroit Red Wings,3,Columbus Blue Jackets,5,,15293,02:23,
15/11/2021,New York Islanders,1,Tampa Bay Lightning,4,,19092,02:35,
16/11/2021,Washington Capitals,2,Anaheim Ducks,3,OT,13456,02:30,
16/11/2021,Detroit Red Wings,2,Dallas Stars,5,,17764,02:24,
16/11/2021,New York Islanders,1,Florida Panthers,6,,14003,02:24,
16/11/2021,San Jose Sharks,4,Minnesota Wild,1,,15367,02:23,
16/11/2021,Montreal Canadiens,2,New York Rangers,3,,15255,02:26,
16/11/2021,Calgary Flames,1,Philadelphia Flyers,2,OT,16278,02:41,
16/11/2021,Buffalo Sabres,2,Pittsburgh Penguins,1,,16366,02:30,
16/11/2021,Arizona Coyotes,3,St. Louis Blues,2,,16738,02:26,
16/11/2021,Nashville Predators,0,Toronto Maple Leafs,3,,18949,02:27,
16/11/2021,Carolina Hurricanes,4,Vegas Golden Knights,2,,17737,02:34,
16/11/2021,Edmonton Oilers,2,Winnipeg Jets,5,,13473,02:28,
17/11/2021,Washington Capitals,2,Los Angeles Kings,0,,14694,02:31,
17/11/2021,Chicago Blackhawks,4,Seattle Kraken,2,,17151,02:22,
17/11/2021,Colorado Avalanche,4,Vancouver Canucks,2,,18361,02:34,
18/11/2021,Carolina Hurricanes,2,Anaheim Ducks,1,,12379,02:27,
18/11/2021,Columbus Blue Jackets,5,Arizona Coyotes,4,SO,7865,02:39,
18/11/2021,Calgary Flames,5,Buffalo Sabres,0,,7753,02:16,
18/11/2021,Winnipeg Jets,1,Edmonton Oilers,2,SO,15273,02:42,
18/11/2021,New Jersey Devils,1,Florida Panthers,4,,12157,02:22,
18/11/2021,Dallas Stars,2,Minnesota Wild,7,,17088,02:32,
18/11/2021,Pittsburgh Penguins,6,Montreal Canadiens,0,,20712,02:12,
18/11/2021,Tampa Bay Lightning,4,Philadelphia Flyers,3,SO,18243,02:36,
18/11/2021,San Jose Sharks,1,St. Louis Blues,4,,16953,02:27,
18/11/2021,New York Rangers,1,Toronto Maple Leafs,2,,19029,02:18,
18/11/2021,Detroit Red Wings,2,Vegas Golden Knights,5,,18002,02:20,
19/11/2021,Colorado Avalanche,7,Seattle Kraken,3,,17151,02:35,
19/11/2021,Winnipeg Jets,2,Vancouver Canucks,3,,18628,02:22,
20/11/2021,Detroit Red Wings,1,Arizona Coyotes,2,OT,12906,02:20,
20/11/2021,St. Louis Blues,1,Dallas Stars,4,,18532,02:30,
20/11/2021,Chicago Blackhawks,2,Edmonton Oilers,5,,18347,02:21,
20/11/2021,Minnesota Wild,4,Florida Panthers,5,,13854,02:32,
20/11/2021,Carolina Hurricanes,5,Los Angeles Kings,4,,15744,02:18,
20/11/2021,Nashville Predators,3,Montreal Canadiens,6,,20522,02:43,
20/11/2021,Calgary Flames,5,New York Islanders,2,,17255,02:24,
20/11/2021,Boston Bruins,5,Philadelphia Flyers,2,,19644,02:32,
20/11/2021,Washington Capitals,4,San Jose Sharks,0,,16527,02:25,
20/11/2021,New Jersey Devils,5,Tampa Bay Lightning,3,,19092,02:37,
20/11/2021,Pittsburgh Penguins,2,Toronto Maple Leafs,0,,19531,02:17,
20/11/2021,Columbus Blue Jackets,2,Vegas Golden Knights,3,,18313,02:35,
21/11/2021,Calgary Flames,4,Boston Bruins,0,,17850,02:28,
21/11/2021,Arizona Coyotes,2,Los Angeles Kings,1,OT,13474,02:24,
21/11/2021,Toronto Maple Leafs,3,New York Islanders,0,,17255,02:19,
21/11/2021,Buffalo Sabres,4,New York Rangers,5,,17256,02:21,
21/11/2021,Washington Capitals,2,Seattle Kraken,5,,17151,02:36,
21/11/2021,Minnesota Wild,4,Tampa Bay Lightning,5,SO,19092,02:51,
21/11/2021,Chicago Blackhawks,1,Vancouver Canucks,0,,18830,02:21,
22/11/2021,Columbus Blue Jackets,7,Buffalo Sabres,4,,7978,02:22,
22/11/2021,Ottawa Senators,5,Colorado Avalanche,7,,16706,02:36,
22/11/2021,Anaheim Ducks,2,Nashville Predators,3,,17159,02:32,
22/11/2021,Carolina Hurricanes,1,San Jose Sharks,2,OT,10970,02:20,
22/11/2021,Vegas Golden Knights,2,St. Louis Blues,5,,18096,02:26,
22/11/2021,Pittsburgh Penguins,3,Winnipeg Jets,1,,13570,02:19,
23/11/2021,Chicago Blackhawks,2,Calgary Flames,5,,15464,02:20,
23/11/2021,Edmonton Oilers,1,Dallas Stars,4,,18532,02:31,
23/11/2021,Philadelphia Flyers,0,Tampa Bay Lightning,4,,19092,02:30,
24/11/2021,Edmonton Oilers,5,Arizona Coyotes,3,,12845,02:32,
24/11/2021,Boston Bruins,5,Buffalo Sabres,1,,9416,02:23,
24/11/2021,Winnipeg Jets,0,Columbus Blue Jackets,3,,15733,02:27,
24/11/2021,Anaheim Ducks,2,Colorado Avalanche,5,,16343,02:36,
24/11/2021,St. Louis Blues,2,Detroit Red Wings,4,,18591,02:24,
24/11/2021,Philadelphia Flyers,1,Florida Panthers,2,OT,15545,02:31,
24/11/2021,Toronto Maple Leafs,6,Los Angeles Kings,2,,15166,02:21,
24/11/2021,Minnesota Wild,3,New Jersey Devils,2,SO,14763,02:32,
24/11/2021,Vegas Golden Knights,5,Nashville Predators,2,,17174,02:37,
24/11/2021,New York Rangers,4,New York Islanders,1,,17255,02:30,
24/11/2021,Vancouver Canucks,1,Pittsburgh Penguins,4,,17590,02:24,
24/11/2021,Carolina Hurricanes,1,Seattle Kraken,2,,17151,02:30,
24/11/2021,Ottawa Senators,3,San Jose Sharks,6,,10076,02:31,
24/11/2021,Montreal Canadiens,3,Washington Capitals,6,,18573,02:29,
26/11/2021,Ottawa Senators,0,Anaheim Ducks,4,,14687,02:21,
26/11/2021,New York Rangers,5,Boston Bruins,2,,17850,02:34,
26/11/2021,Montreal Canadiens,1,Buffalo Sabres,4,,9958,02:20,
26/11/2021,Vancouver Canucks,2,Columbus Blue Jackets,4,,16992,02:20,
26/11/2021,St. Louis Blues,2,Chicago Blackhawks,3,OT,19681,02:25,
26/11/2021,Colorado Avalanche,1,Dallas Stars,3,,18532,02:23,
26/11/2021,Winnipeg Jets,1,Minnesota Wild,7,,19113,02:21,
26/11/2021,New Jersey Devils,2,Nashville Predators,4,,17159,02:25,
26/11/2021,Pittsburgh Penguins,1,New York Islanders,0,,17255,02:21,
26/11/2021,Carolina Hurricanes,6,Philadelphia Flyers,3,,18959,02:31,
26/11/2021,Toronto Maple Leafs,4,San Jose Sharks,1,,14068,02:17,
26/11/2021,Seattle Kraken,0,Tampa Bay Lightning,3,,19092,02:13,
26/11/2021,Florida Panthers,3,Washington Capitals,4,,18573,02:35,
27/11/2021,Dallas Stars,3,Arizona Coyotes,2,,10839,02:26,
27/11/2021,Winnipeg Jets,4,Calgary Flames,2,,17036,02:24,
27/11/2021,Nashville Predators,2,Colorado Avalanche,6,,17050,02:38,
27/11/2021,Buffalo Sabres,2,Detroit Red Wings,3,OT,18050,02:27,
27/11/2021,Seattle Kraken,4,Florida Panthers,1,,15305,02:18,
27/11/2021,Ottawa Senators,2,Los Angeles Kings,4,,15406,02:30,
27/11/2021,Montreal Canadiens,6,Pittsburgh Penguins,3,,17985,02:34,
27/11/2021,Columbus Blue Jackets,3,St. Louis Blues,6,,18096,02:23,
27/11/2021,Edmonton Oilers,3,Vegas Golden Knights,2,,18381,02:26,
28/11/2021,Toronto Maple Leafs,5,Anaheim Ducks,1,,13664,02:18,
28/11/2021,Vancouver Canucks,2,Boston Bruins,3,,17850,02:35,
28/11/2021,Washington Capitals,4,Carolina Hurricanes,2,,18815,02:35,
28/11/2021,San Jose Sharks,2,Chicago Blackhawks,0,,17663,02:15,
28/11/2021,Tampa Bay Lightning,2,Minnesota Wild,4,,17785,02:24,
28/11/2021,Philadelphia Flyers,2,New Jersey Devils,5,,13113,02:25,
29/11/2021,Seattle Kraken,7,Buffalo Sabres,4,,10004,02:26,
29/11/2021,Pittsburgh Penguins,1,Calgary Flames,2,SO,15343,02:43,
29/11/2021,Vancouver Canucks,2,Montreal Canadiens,1,,20478,02:25,
29/11/2021,Arizona Coyotes,1,Winnipeg Jets,0,,14129,02:19,
30/11/2021,Detroit Red Wings,2,Boston Bruins,1,,17850,02:33,
30/11/2021,Carolina Hurricanes,1,Dallas Stars,4,,17345,02:31,
30/11/2021,Washington Capitals,4,Florida Panthers,5,,12365,02:37,
30/11/2021,Anaheim Ducks,5,Los Angeles Kings,4,SO,15276,02:39,
30/11/2021,Arizona Coyotes,2,Minnesota Wild,5,,16239,02:28,
30/11/2021,San Jose Sharks,5,New Jersey Devils,2,,13492,02:22,
30/11/2021,Columbus Blue Jackets,0,Nashville Predators,6,,16874,02:37,
30/11/2021,Tampa Bay Lightning,3,St. Louis Blues,4,SO,16605,02:41,
01/12/2021,Vegas Golden Knights,5,Anaheim Ducks,6,,11902,02:39,
01/12/2021,Seattle Kraken,3,Detroit Red Wings,4,SO,18963,02:38,
01/12/2021,Pittsburgh Penguins,2,Edmonton Oilers,5,,17130,02:29,
01/12/2021,Philadelphia Flyers,1,New York Rangers,4,,15687,02:26,
01/12/2021,Vancouver Canucks,6,Ottawa Senators,2,,10571,02:28,
01/12/2021,Colorado Avalanche,3,Toronto Maple Leafs,8,,18931,02:30,
02/12/2021,Ottawa Senators,3,Carolina Hurricanes,2,,14915,02:38,
02/12/2021,Columbus Blue Jackets,2,Dallas Stars,3,,17098,02:27,
02/12/2021,Buffalo Sabres,4,Florida Panthers,7,,11751,02:28,
02/12/2021,Calgary Flames,3,Los Angeles Kings,2,,13241,02:24,
02/12/2021,New Jersey Devils,2,Minnesota Wild,5,,16112,02:29,
02/12/2021,Colorado Avalanche,4,Montreal Canadiens,1,,20092,02:32,
02/12/2021,Boston Bruins,2,Nashville Predators,0,,17159,02:41,
02/12/2021,San Jose Sharks,2,New York Islanders,1,OT,17255,02:19,
02/12/2021,St. Louis Blues,2,Tampa Bay Lightning,4,,19092,02:27,
02/12/2021,Chicago Blackhawks,4,Washington Capitals,3,SO,18573,02:40,
03/12/2021,Calgary Flames,4,Anaheim Ducks,3,SO,12427,02:38,
03/12/2021,Vegas Golden Knights,7,Arizona Coyotes,1,,12389,02:27,
03/12/2021,San Jose Sharks,0,New York Rangers,1,,16726,02:16,
03/12/2021,Edmonton Oilers,3,Seattle Kraken,4,,17151,02:36,
03/12/2021,New Jersey Devils,4,Winnipeg Jets,8,,13844,02:25,
04/12/2021,Tampa Bay Lightning,3,Boston Bruins,2,OT,17850,02:33,
04/12/2021,Buffalo Sabres,2,Carolina Hurricanes,6,,18680,02:33,
04/12/2021,New York Islanders,3,Detroit Red Wings,4,OT,19152,02:32,
04/12/2021,St. Louis Blues,3,Florida Panthers,4,SO,13446,02:43,
04/12/2021,Toronto Maple Leafs,3,Minnesota Wild,4,SO,18568,02:47,
04/12/2021,Montreal Canadiens,3,Nashville Predators,4,OT,17159,02:44,
04/12/2021,Chicago Blackhawks,2,New York Rangers,3,,17046,02:32,
04/12/2021,Colorado Avalanche,5,Ottawa Senators,6,OT,14237,02:50,
04/12/2021,Pittsburgh Penguins,4,Vancouver Canucks,1,,18422,02:24,
04/12/2021,Columbus Blue Jackets,1,Washington Capitals,3,,18573,02:14,
05/12/2021,San Jose Sharks,4,Columbus Blue Jackets,6,,16824,02:31,
05/12/2021,Los Angeles Kings,5,Edmonton Oilers,1,,15658,02:26,
05/12/2021,Chicago Blackhawks,3,New York Islanders,2,SO,17255,02:32,
05/12/2021,Tampa Bay Lightning,7,Philadelphia Flyers,1,,16014,02:33,
05/12/2021,Calgary Flames,2,Vegas Golden Knights,3,,18077,02:31,
05/12/2021,Toronto Maple Leafs,3,Winnipeg Jets,6,,14461,02:31,
06/12/2021,Arizona Coyotes,1,Dallas Stars,4,,17256,02:22,
06/12/2021,Ottawa Senators,3,New Jersey Devils,2,SO,10312,02:37,
06/12/2021,Colorado Avalanche,7,Philadelphia Flyers,5,,16649,02:36,
06/12/2021,Pittsburgh Penguins,6,Seattle Kraken,1,,17151,02:24,
06/12/2021,Los Angeles Kings,0,Vancouver Canucks,4,,18591,02:22,
06/12/2021,Anaheim Ducks,3,Washington Capitals,4,SO,18573,02:40,
07/12/2021,Anaheim Ducks,2,Buffalo Sabres,0,,8133,02:16,
07/12/2021,New York Rangers,6,Chicago Blackhawks,2,,17207,02:37,
07/12/2021,Nashville Predators,5,Detroit Red Wings,2,,15539,02:28,
07/12/2021,Minnesota Wild,4,Edmonton Oilers,1,,14715,02:21,
07/12/2021,Tampa Bay Lightning,3,Montreal Canadiens,2,,19976,02:23,
07/12/2021,New York Islanders,5,Ottawa Senators,3,,10229,02:22,
07/12/2021,Calgary Flames,3,San Jose Sharks,5,,10534,02:20,
07/12/2021,Florida Panthers,3,St. Louis Blues,4,OT,16372,02:28,
07/12/2021,Columbus Blue Jackets,4,Toronto Maple Leafs,5,,18793,02:26,
07/12/2021,Carolina Hurricanes,4,Winnipeg Jets,2,,13761,02:28,
08/12/2021,Philadelphia Flyers,0,New Jersey Devils,3,,12163,02:28,
08/12/2021,Colorado Avalanche,7,New York Rangers,3,,16714,02:28,
08/12/2021,Boston Bruins,1,Vancouver Canucks,2,SO,18403,02:45,
08/12/2021,Dallas Stars,4,Vegas Golden Knights,5,,17843,02:28,
09/12/2021,Anaheim Ducks,2,Columbus Blue Jackets,1,SO,16029,02:39,
09/12/2021,Carolina Hurricanes,2,Calgary Flames,1,OT,15620,02:30,
09/12/2021,Boston Bruins,3,Edmonton Oilers,2,,16112,02:32,
09/12/2021,Dallas Stars,0,Los Angeles Kings,4,,13659,02:23,
09/12/2021,Chicago Blackhawks,2,Montreal Canadiens,0,,20447,02:14,
09/12/2021,Nashville Predators,4,New York Islanders,3,,17255,02:29,
09/12/2021,Winnipeg Jets,3,Seattle Kraken,0,,17151,02:25,
09/12/2021,Minnesota Wild,5,San Jose Sharks,2,,10782,02:21,
09/12/2021,Detroit Red Wings,2,St. Louis Blues,6,,18096,02:17,
09/12/2021,Tampa Bay Lightning,5,Toronto Maple Leafs,3,,18919,02:29,
10/12/2021,Florida Panthers,3,Arizona Coyotes,1,,11974,02:24,
10/12/2021,New York Rangers,2,Buffalo Sabres,1,,9703,02:27,
10/12/2021,Detroit Red Wings,3,Colorado Avalanche,7,,18021,02:27,
10/12/2021,Nashville Predators,3,New Jersey Devils,2,,14218,02:29,
10/12/2021,Winnipeg Jets,3,Vancouver Canucks,4,SO,18457,02:42,
10/12/2021,Philadelphia Flyers,4,Vegas Golden Knights,3,,18011,02:38,
10/12/2021,Pittsburgh Penguins,4,Washington Capitals,2,,18573,02:29,
11/12/2021,Philadelphia Flyers,5,Arizona Coyotes,3,,10562,02:20,
11/12/2021,Washington Capitals,3,Buffalo Sabres,2,SO,9554,02:38,
11/12/2021,Boston Bruins,4,Calgary Flames,2,,16190,02:40,
11/12/2021,Carolina Hurricanes,3,Edmonton Oilers,1,,18025,02:28,
11/12/2021,Minnesota Wild,1,Los Angeles Kings,2,,15897,02:25,
11/12/2021,New Jersey Devils,2,New York Islanders,4,,17255,02:29,
11/12/2021,Tampa Bay Lightning,0,Ottawa Senators,4,,13076,02:20,
11/12/2021,Anaheim Ducks,0,Pittsburgh Penguins,1,,17435,02:20,
11/12/2021,Columbus Blue Jackets,5,Seattle Kraken,4,OT,17151,02:29,
11/12/2021,Dallas Stars,1,San Jose Sharks,2,,14145,02:22,
11/12/2021,Montreal Canadiens,1,St. Louis Blues,4,,16829,02:18,
11/12/2021,Chicago Blackhawks,4,Toronto Maple Leafs,5,,18934,02:20,
12/12/2021,Florida Panthers,2,Colorado Avalanche,3,,16548,02:47,
12/12/2021,Nashville Predators,1,New York Rangers,0,,16177,02:17,
12/12/2021,Anaheim Ducks,3,St. Louis Blues,2,OT,17010,02:21,
12/12/2021,Carolina Hurricanes,1,Vancouver Canucks,2,,18714,02:19,
12/12/2021,Minnesota Wild,4,Vegas Golden Knights,6,,18001,02:31,
14/12/2021,Vegas Golden Knights,4,Boston Bruins,1,,17850,02:24,
14/12/2021,New York Rangers,2,Colorado Avalanche,4,,17198,02:35,
14/12/2021,St. Louis Blues,4,Dallas Stars,1,,18012,02:33,
14/12/2021,New York Islanders,1,Detroit Red Wings,2,,16884,02:23,
14/12/2021,Toronto Maple Leafs,5,Edmonton Oilers,1,,18131,02:18,
14/12/2021,Ottawa Senators,8,Florida Panthers,2,,13759,02:35,
14/12/2021,New Jersey Devils,1,Philadelphia Flyers,6,,18594,02:29,
14/12/2021,Montreal Canadiens,2,Pittsburgh Penguins,5,,17005,02:22,
14/12/2021,Seattle Kraken,3,San Jose Sharks,1,,12403,02:12,
14/12/2021,Los Angeles Kings,2,Tampa Bay Lightning,3,OT,19092,02:25,
14/12/2021,Columbus Blue Jackets,3,Vancouver Canucks,4,,18412,02:34,
14/12/2021,Buffalo Sabres,4,Winnipeg Jets,2,,13484,02:15,
15/12/2021,Seattle Kraken,1,Anaheim Ducks,4,,14762,02:17,
15/12/2021,New York Rangers,3,Arizona Coyotes,2,,11380,02:25,
15/12/2021,Washington Capitals,4,Chicago Blackhawks,5,OT,18260,02:30,
16/12/2021,Detroit Red Wings,3,Carolina Hurricanes,5,,16017,02:27,
16/12/2021,Columbus Blue Jackets,2,Edmonton Oilers,5,,15022,02:27,
16/12/2021,Los Angeles Kings,4,Florida Panthers,1,,14458,02:26,
16/12/2021,Buffalo Sabres,3,Minnesota Wild,2,SO,18022,02:36,
16/12/2021,Philadelphia Flyers,2,Montreal Canadiens,3,SO,,02:34,
16/12/2021,Vegas Golden Knights,5,New Jersey Devils,3,,12724,02:36,
16/12/2021,Colorado Avalanche,2,Nashville Predators,5,,17184,02:28,
16/12/2021,Boston Bruins,1,New York Islanders,3,,17255,02:28,
16/12/2021,Vancouver Canucks,5,San Jose Sharks,2,,10340,02:17,
16/12/2021,Ottawa Senators,1,Tampa Bay Lightning,2,,19092,02:24,
17/12/2021,Arizona Coyotes,6,Anaheim Ducks,5,OT,14135,02:34,
17/12/2021,Nashville Predators,3,Chicago Blackhawks,2,OT,18298,02:26,
17/12/2021,Vegas Golden Knights,3,New York Rangers,2,SO,17400,02:37,
17/12/2021,Buffalo Sabres,2,Pittsburgh Penguins,3,OT,17456,02:33,
17/12/2021,Dallas Stars,1,St. Louis Blues,4,,16852,02:30,
17/12/2021,Washington Capitals,5,Winnipeg Jets,2,,14039,02:25,
18/12/2021,Los Angeles Kings,1,Carolina Hurricanes,5,,16238,02:23,
18/12/2021,Chicago Blackhawks,3,Dallas Stars,4,OT,18532,02:40,
18/12/2021,New Jersey Devils,2,Detroit Red Wings,5,,19015,02:27,
18/12/2021,Ottawa Senators,3,Philadelphia Flyers,4,OT,18437,02:34,
18/12/2021,Edmonton Oilers,5,Seattle Kraken,3,,17151,02:28,
19/12/2021,Pittsburgh Penguins,3,New Jersey Devils,2,,14857,02:22,
19/12/2021,Vegas Golden Knights,4,New York Islanders,3,SO,17255,02:37,
19/12/2021,St. Louis Blues,2,Winnipeg Jets,4,,13524,02:24,
19/12/2021,Los Angeles Kings,3,Washington Capitals,2,,18573,02:37,
20/12/2021,Minnesota Wild,4,Dallas Stars,7,,18237,02:28,
21/12/2021,Tampa Bay Lightning,4,Vegas Golden Knights,3,,18217,02:31,
28/12/2021,Vegas Golden Knights,6,Los Angeles Kings,3,,14887,02:26,
28/12/2021,Arizona Coyotes,7,San Jose Sharks,8,SO,11450,02:39,
28/12/2021,Montreal Canadiens,4,Tampa Bay Lightning,5,OT,19092,02:39,
29/12/2021,Vancouver Canucks,2,Anaheim Ducks,1,OT,11866,02:28,
29/12/2021,New Jersey Devils,4,Buffalo Sabres,3,,11511,02:13,
29/12/2021,New York Rangers,3,Florida Panthers,4,,15857,02:34,
29/12/2021,Philadelphia Flyers,3,Seattle Kraken,2,OT,17151,02:31,
29/12/2021,Edmonton Oilers,2,St. Louis Blues,4,,18096,02:21,
29/12/2021,Nashville Predators,3,Washington Capitals,5,,18573,02:42,
30/12/2021,Montreal Canadiens,0,Carolina Hurricanes,4,,17722,02:27,
30/12/2021,Nashville Predators,3,Columbus Blue Jackets,4,SO,17494,02:48,
30/12/2021,Tampa Bay Lightning,3,Florida Panthers,9,,15001,02:38,
30/12/2021,Vancouver Canucks,1,Los Angeles Kings,2,SO,14514,02:36,
30/12/2021,Buffalo Sabres,1,New York Islanders,4,,17255,02:22,
30/12/2021,Calgary Flames,6,Seattle Kraken,4,,17151,02:34,
30/12/2021,Philadelphia Flyers,2,San Jose Sharks,3,OT,12540,02:34,
31/12/2021,Washington Capitals,3,Detroit Red Wings,1,,17721,02:23,
31/12/2021,Edmonton Oilers,5,New Jersey Devils,6,OT,13044,02:41,
31/12/2021,New York Rangers,4,Tampa Bay Lightning,3,SO,19092,02:42,
31/12/2021,Anaheim Ducks,1,Vegas Golden Knights,3,,18022,02:32,
01/01/2022,Buffalo Sabres,3,Boston Bruins,4,OT,17850,02:39,
01/01/2022,Carolina Hurricanes,7,Columbus Blue Jackets,4,,15736,02:29,
01/01/2022,Montreal Canadiens,2,Florida Panthers,5,,13584,02:27,
01/01/2022,Philadelphia Flyers,3,Los Angeles Kings,6,,14301,02:39,
01/01/2022,St. Louis Blues,6,Minnesota Wild,4,,38619,02:42,at Target Field (Minneapolis MN)
01/01/2022,Chicago Blackhawks,1,Nashville Predators,6,,17504,02:28,
01/01/2022,Edmonton Oilers,2,New York Islanders,3,OT,17255,02:26,
01/01/2022,Vancouver Canucks,5,Seattle Kraken,2,,17151,02:34,
01/01/2022,Ottawa Senators,0,Toronto Maple Leafs,6,,989,02:22,
02/01/2022,Calgary Flames,5,Chicago Blackhawks,1,,17454,02:21,
02/01/2022,Anaheim Ducks,2,Colorado Avalanche,4,,17305,02:26,
02/01/2022,Boston Bruins,5,Detroit Red Wings,1,,17973,02:29,
02/01/2022,Tampa Bay Lightning,0,New York Rangers,4,,16885,02:29,
02/01/2022,San Jose Sharks,5,Pittsburgh Penguins,8,,18066,02:27,
02/01/2022,Winnipeg Jets,5,Vegas Golden Knights,4,OT,17888,02:31,
02/01/2022,New Jersey Devils,4,Washington Capitals,3,OT,18573,02:36,
03/01/2022,Edmonton Oilers,1,New York Rangers,4,,16979,02:24,
04/01/2022,Philadelphia Flyers,1,Anaheim Ducks,4,,11375,02:37,
04/01/2022,Winnipeg Jets,3,Arizona Coyotes,1,,8173,02:18,
04/01/2022,New Jersey Devils,3,Boston Bruins,5,,17850,02:38,
04/01/2022,Tampa Bay Lightning,7,Columbus Blue Jackets,2,,14816,02:25,
04/01/2022,Colorado Avalanche,4,Chicago Blackhawks,3,OT,16784,02:35,
04/01/2022,San Jose Sharks,2,Detroit Red Wings,6,,14524,02:37,
04/01/2022,Calgary Flames,2,Florida Panthers,6,,13164,02:29,
04/01/2022,Nashville Predators,3,Vegas Golden Knights,2,,17804,02:40,
05/01/2022,St. Louis Blues,3,Pittsburgh Penguins,5,,17921,02:33,
05/01/2022,Edmonton Oilers,2,Toronto Maple Leafs,4,,,02:26,
06/01/2022,Chicago Blackhawks,4,Arizona Coyotes,6,,11632,02:33,
06/01/2022,Minnesota Wild,3,Boston Bruins,2,,17850,02:40,
06/01/2022,San Jose Sharks,3,Buffalo Sabres,2,,8117,02:22,
06/01/2022,Winnipeg Jets,1,Colorado Avalanche,7,,15171,02:29,
06/01/2022,Florida Panthers,5,Dallas Stars,6,SO,17678,02:49,
06/01/2022,Nashville Predators,4,Los Angeles Kings,2,,14359,02:38,
06/01/2022,Columbus Blue Jackets,1,New Jersey Devils,3,,11523,02:20,
06/01/2022,Pittsburgh Penguins,6,Philadelphia Flyers,2,,17944,02:21,
06/01/2022,Calgary Flames,1,Tampa Bay Lightning,4,,19092,02:35,
06/01/2022,New York Rangers,1,Vegas Golden Knights,5,,18117,02:19,
07/01/2022,Calgary Flames,3,Carolina Hurricanes,6,,16281,02:30,
07/01/2022,Washington Capitals,1,St. Louis Blues,5,,18096,02:21,
08/01/2022,New York Rangers,4,Anaheim Ducks,1,,15146,02:28,
08/01/2022,Nashville Predators,4,Arizona Coyotes,2,,10317,02:43,
08/01/2022,Florida Panthers,4,Carolina Hurricanes,3,OT,18680,02:37,
08/01/2022,New Jersey Devils,3,Columbus Blue Jackets,4,,18680,02:33,
08/01/2022,Toronto Maple Leafs,4,Colorado Avalanche,5,OT,17354,02:34,
08/01/2022,Pittsburgh Penguins,2,Dallas Stars,3,,18532,02:25,
08/01/2022,Detroit Red Wings,0,Los Angeles Kings,4,,17321,02:29,
08/01/2022,Washington Capitals,2,Minnesota Wild,3,SO,19078,02:48,
08/01/2022,San Jose Sharks,3,Philadelphia Flyers,2,OT,15600,02:31,
08/01/2022,Boston Bruins,5,Tampa Bay Lightning,2,,19092,02:32,
08/01/2022,Chicago Blackhawks,2,Vegas Golden Knights,1,,18367,02:19,
09/01/2022,Detroit Red Wings,3,Anaheim Ducks,4,SO,12043,02:40,
09/01/2022,Dallas Stars,1,St. Louis Blues,2,,18096,02:22,
10/01/2022,Seattle Kraken,3,Colorado Avalanche,4,,17516,02:27,
10/01/2022,New York Rangers,1,Los Angeles Kings,3,,13558,02:18,
10/01/2022,Boston Bruins,7,Washington Capitals,3,,18573,02:39,
11/01/2022,Pittsburgh Penguins,4,Anaheim Ducks,1,,11431,02:26,
11/01/2022,Tampa Bay Lightning,6,Buffalo Sabres,1,,8368,02:18,
11/01/2022,Chicago Blackhawks,4,Columbus Blue Jackets,2,,15444,02:16,
11/01/2022,Vancouver Canucks,2,Florida Panthers,5,,15041,02:34,
11/01/2022,Colorado Avalanche,4,Nashville Predators,5,OT,17159,02:42,
11/01/2022,Detroit Red Wings,2,San Jose Sharks,3,OT,10489,02:25,
11/01/2022,Toronto Maple Leafs,4,Vegas Golden Knights,3,SO,17911,02:38,
12/01/2022,Toronto Maple Leafs,1,Arizona Coyotes,2,,10031,02:19,
12/01/2022,Montreal Canadiens,1,Boston Bruins,5,,17850,02:39,
12/01/2022,Seattle Kraken,2,Dallas Stars,5,,17825,02:29,
13/01/2022,Philadelphia Flyers,2,Boston Bruins,3,,17850,02:36,
13/01/2022,Columbus Blue Jackets,6,Carolina Hurricanes,0,,15979,02:18,
13/01/2022,Ottawa Senators,4,Calgary Flames,1,,9639,02:17,
13/01/2022,Montreal Canadiens,2,Chicago Blackhawks,3,OT,17472,02:25,
13/01/2022,Winnipeg Jets,3,Detroit Red Wings,0,,16829,02:23,
13/01/2022,Pittsburgh Penguins,2,Los Angeles Kings,6,,14348,02:24,
13/01/2022,Buffalo Sabres,4,Nashville Predators,1,,17159,02:25,
13/01/2022,New Jersey Devils,2,New York Islanders,3,,17255,02:27,
13/01/2022,New York Rangers,3,San Jose Sharks,0,,10919,02:22,
13/01/2022,Seattle Kraken,1,St. Louis Blues,2,,17017,02:19,
13/01/2022,Vancouver Canucks,2,Tampa Bay Lightning,4,,19092,02:29,
14/01/2022,Arizona Coyotes,3,Colorado Avalanche,4,SO,17072,02:37,
14/01/2022,Dallas Stars,1,Florida Panthers,7,,15022,02:33,
14/01/2022,Anaheim Ducks,3,Minnesota Wild,7,,18300,02:35,
15/01/2022,Colorado Avalanche,5,Arizona Coyotes,0,,14313,02:19,
15/01/2022,Nashville Predators,3,Boston Bruins,4,OT,17850,02:41,
15/01/2022,Vancouver Canucks,1,Carolina Hurricanes,4,,17435,02:29,
15/01/2022,Anaheim Ducks,0,Chicago Blackhawks,3,,18469,02:17,
15/01/2022,Buffalo Sabres,0,Detroit Red Wings,4,,19515,02:22,
15/01/2022,Ottawa Senators,6,Edmonton Oilers,4,,9150,02:27,
15/01/2022,Columbus Blue Jackets,2,Florida Panthers,9,,15088,02:18,
15/01/2022,Washington Capitals,2,New York Islanders,0,,17255,02:20,
15/01/2022,New York Rangers,3,Philadelphia Flyers,2,,18293,02:11,
15/01/2022,Los Angeles Kings,3,Seattle Kraken,1,,17151,02:21,
15/01/2022,Pittsburgh Penguins,2,San Jose Sharks,1,OT,13686,02:20,
15/01/2022,Toronto Maple Leafs,6,St. Louis Blues,5,,18096,02:33,
15/01/2022,Dallas Stars,1,Tampa Bay Lightning,3,,19092,02:26,
16/01/2022,Vancouver Canucks,4,Washington Capitals,2,,18573,02:28,
17/01/2022,Montreal Canadiens,2,Arizona Coyotes,5,,9495,02:22,
17/01/2022,Detroit Red Wings,3,Buffalo Sabres,2,OT,8839,02:26,
17/01/2022,Minnesota Wild,3,Colorado Avalanche,4,SO,17565,02:51,
17/01/2022,Philadelphia Flyers,1,New York Islanders,4,,17255,02:16,
17/01/2022,Chicago Blackhawks,2,Seattle Kraken,3,SO,17151,02:37,
17/01/2022,Los Angeles Kings,2,San Jose Sharks,6,,10705,02:21,
17/01/2022,Nashville Predators,3,St. Louis Blues,5,,18096,02:26,
17/01/2022,Pittsburgh Penguins,5,Vegas Golden Knights,3,,18213,02:27,
18/01/2022,Carolina Hurricanes,7,Boston Bruins,1,,17850,02:31,
18/01/2022,Florida Panthers,1,Calgary Flames,5,,9639,02:30,
18/01/2022,Montreal Canadiens,5,Dallas Stars,3,,17679,02:45,
18/01/2022,Tampa Bay Lightning,6,Los Angeles Kings,4,,15128,02:32,
18/01/2022,Vancouver Canucks,3,Nashville Predators,1,,16676,02:26,
18/01/2022,Buffalo Sabres,3,Ottawa Senators,1,,,02:26,
18/01/2022,New York Islanders,4,Philadelphia Flyers,3,SO,16362,02:51,
18/01/2022,Winnipeg Jets,3,Washington Capitals,4,OT,18573,02:28,
19/01/2022,Colorado Avalanche,2,Anaheim Ducks,0,,11240,02:30,
19/01/2022,Arizona Coyotes,4,New Jersey Devils,1,,10592,02:19,
19/01/2022,Toronto Maple Leafs,3,New York Rangers,6,,16624,02:28,
20/01/2022,Washington Capitals,3,Boston Bruins,4,,17850,02:31,
20/01/2022,Dallas Stars,5,Buffalo Sabres,4,,7808,02:35,
20/01/2022,Florida Panthers,6,Edmonton Oilers,0,,9150,02:19,
20/01/2022,Colorado Avalanche,4,Los Angeles Kings,1,,15387,02:26,
20/01/2022,Winnipeg Jets,2,Nashville Predators,5,,17159,02:35,
20/01/2022,Columbus Blue Jackets,2,Philadelphia Flyers,1,,15359,02:24,
20/01/2022,Ottawa Senators,4,Pittsburgh Penguins,6,,18060,02:39,
20/01/2022,San Jose Sharks,2,Seattle Kraken,3,,17151,02:22,
20/01/2022,Montreal Canadiens,3,Vegas Golden Knights,4,OT,18121,02:35,
21/01/2022,Tampa Bay Lightning,1,Anaheim Ducks,5,,13148,02:27,
21/01/2022,New York Rangers,3,Carolina Hurricanes,6,,16118,02:27,
21/01/2022,Pittsburgh Penguins,5,Columbus Blue Jackets,2,,18477,02:29,
21/01/2022,Minnesota Wild,5,Chicago Blackhawks,1,,17921,02:17,
21/01/2022,Dallas Stars,5,Detroit Red Wings,4,OT,18522,02:34,
21/01/2022,Arizona Coyotes,0,New York Islanders,4,,17255,02:21,
21/01/2022,St. Louis Blues,5,Seattle Kraken,0,,17151,02:31,
21/01/2022,Florida Panthers,2,Vancouver Canucks,1,SO,9346,02:33,
22/01/2022,Winnipeg Jets,2,Boston Bruins,3,,17850,02:22,
22/01/2022,Philadelphia Flyers,3,Buffalo Sabres,6,,9264,02:24,
22/01/2022,Montreal Canadiens,2,Colorado Avalanche,3,OT,17646,02:36,
22/01/2022,Calgary Flames,3,Edmonton Oilers,5,,9150,02:32,
22/01/2022,Chicago Blackhawks,3,Minnesota Wild,4,OT,19092,02:43,
22/01/2022,Carolina Hurricanes,4,New Jersey Devils,7,,13657,02:31,
22/01/2022,Detroit Red Wings,1,Nashville Predators,4,,17455,02:26,
22/01/2022,Toronto Maple Leafs,3,New York Islanders,1,,17255,02:15,
22/01/2022,Arizona Coyotes,3,New York Rangers,7,,17006,02:24,
22/01/2022,Tampa Bay Lightning,7,San Jose Sharks,1,,14193,02:23,
22/01/2022,Ottawa Senators,2,Washington Capitals,3,OT,18573,02:31,
23/01/2022,Ottawa Senators,2,Columbus Blue Jackets,1,,15037,02:18,
23/01/2022,Los Angeles Kings,3,New Jersey Devils,2,,11354,02:26,
23/01/2022,Winnipeg Jets,2,Pittsburgh Penguins,3,SO,17962,02:43,
23/01/2022,Florida Panthers,3,Seattle Kraken,5,,17151,02:29,
23/01/2022,St. Louis Blues,3,Vancouver Canucks,1,,9424,02:19,
24/01/2022,Anaheim Ducks,5,Boston Bruins,3,,17850,02:32,
24/01/2022,St. Louis Blues,1,Calgary Flames,7,,9039,02:20,
24/01/2022,Chicago Blackhawks,0,Colorado Avalanche,2,,16503,02:23,
24/01/2022,Montreal Canadiens,2,Minnesota Wild,8,,18104,02:32,
24/01/2022,Los Angeles Kings,2,New York Rangers,3,SO,15666,02:42,
24/01/2022,Dallas Stars,3,Philadelphia Flyers,1,,14868,02:28,
24/01/2022,Vegas Golden Knights,1,Washington Capitals,0,,18573,02:32,
25/01/2022,Vegas Golden Knights,3,Carolina Hurricanes,4,OT,15228,02:38,
25/01/2022,Dallas Stars,5,New Jersey Devils,1,,10382,02:32,
25/01/2022,Philadelphia Flyers,3,New York Islanders,4,,17255,02:25,
25/01/2022,Buffalo Sabres,0,Ottawa Senators,5,,,02:29,
25/01/2022,Arizona Coyotes,3,Pittsburgh Penguins,6,,16360,02:17,
25/01/2022,Nashville Predators,4,Seattle Kraken,2,,17151,02:26,
25/01/2022,Edmonton Oilers,3,Vancouver Canucks,2,OT,9396,02:27,
25/01/2022,Florida Panthers,5,Winnipeg Jets,3,,250,02:15,
26/01/2022,Calgary Flames,6,Columbus Blue Jackets,0,,13737,02:28,
26/01/2022,Boston Bruins,3,Colorado Avalanche,4,OT,18041,02:49,
26/01/2022,Chicago Blackhawks,8,Detroit Red Wings,5,,16578,02:38,
26/01/2022,Anaheim Ducks,3,Toronto Maple Leafs,4,SO,,02:41,
26/01/2022,San Jose Sharks,4,Washington Capitals,1,,18573,02:27,
27/01/2022,New York Rangers,3,Columbus Blue Jackets,5,,14878,02:27,
27/01/2022,Nashville Predators,2,Edmonton Oilers,3,SO,9150,02:44,
27/01/2022,Vegas Golden Knights,1,Florida Panthers,4,,15400,02:20,
27/01/2022,Anaheim Ducks,5,Montreal Canadiens,4,,,02:23,
27/01/2022,Los Angeles Kings,3,New York Islanders,2,,17255,02:23,
27/01/2022,Carolina Hurricanes,3,Ottawa Senators,2,SO,,02:35,
27/01/2022,Seattle Kraken,2,Pittsburgh Penguins,1,OT,18228,02:20,
27/01/2022,Calgary Flames,1,St. Louis Blues,5,,18096,02:27,
27/01/2022,New Jersey Devils,2,Tampa Bay Lightning,3,,19092,02:23,
27/01/2022,Vancouver Canucks,5,Winnipeg Jets,1,,250,02:23,
28/01/2022,Boston Bruins,2,Arizona Coyotes,1,,12994,02:31,
28/01/2022,Colorado Avalanche,6,Chicago Blackhawks,4,,17992,02:39,
28/01/2022,Washington Capitals,5,Dallas Stars,0,,18532,02:22,
28/01/2022,Minnesota Wild,3,New York Rangers,2,,18006,02:30,
28/01/2022,Detroit Red Wings,3,Pittsburgh Penguins,2,SO,18369,02:41,
29/01/2022,Buffalo Sabres,3,Arizona Coyotes,1,,12853,02:16,
29/01/2022,New Jersey Devils,1,Carolina Hurricanes,2,,18956,02:25,
29/01/2022,Vancouver Canucks,0,Calgary Flames,1,OT,9639,02:32,
29/01/2022,Toronto Maple Leafs,7,Detroit Red Wings,4,,19515,02:29,
29/01/2022,San Jose Sharks,4,Florida Panthers,5,OT,18152,02:30,
29/01/2022,Edmonton Oilers,7,Montreal Canadiens,2,,,02:20,
29/01/2022,Anaheim Ducks,2,Ottawa Senators,1,,,02:22,
29/01/2022,Los Angeles Kings,3,Philadelphia Flyers,4,OT,13763,02:30,
29/01/2022,Winnipeg Jets,4,St. Louis Blues,1,,18096,02:20,
29/01/2022,Vegas Golden Knights,3,Tampa Bay Lightning,2,SO,19092,02:41,
30/01/2022,San Jose Sharks,1,Carolina Hurricanes,2,,15975,02:29,
30/01/2022,Buffalo Sabres,1,Colorado Avalanche,4,,17456,02:31,
30/01/2022,Boston Bruins,1,Dallas Stars,6,,17954,02:21,
30/01/2022,Columbus Blue Jackets,6,Montreal Canadiens,3,,,02:25,
30/01/2022,Minnesota Wild,4,New York Islanders,3,,15518,02:25,
30/01/2022,Seattle Kraken,2,New York Rangers,3,,18006,02:27,
30/01/2022,Los Angeles Kings,4,Pittsburgh Penguins,3,,18237,02:31,
31/01/2022,Florida Panthers,8,Columbus Blue Jackets,4,,14214,02:28,
31/01/2022,Vancouver Canucks,3,Chicago Blackhawks,1,,17170,02:21,
31/01/2022,Anaheim Ducks,1,Detroit Red Wings,2,OT,14545,02:26,
31/01/2022,Edmonton Oilers,2,Ottawa Senators,3,OT,500,02:32,
31/01/2022,New Jersey Devils,4,Toronto Maple Leafs,6,,500,02:31,
01/02/2022,Seattle Kraken,2,Boston Bruins,3,,17850,02:31,
01/02/2022,Arizona Coyotes,3,Colorado Avalanche,2,SO,15345,02:39,
01/02/2022,Calgary Flames,4,Dallas Stars,3,,17567,02:23,
01/02/2022,Toronto Maple Leafs,7,New Jersey Devils,1,,11602,02:28,
01/02/2022,Vancouver Canucks,2,Nashville Predators,4,,17159,02:23,
01/02/2022,Ottawa Senators,1,New York Islanders,4,,15258,02:20,
01/02/2022,Florida Panthers,2,New York Rangers,5,,15942,02:30,
01/02/2022,Winnipeg Jets,1,Philadelphia Flyers,3,,13433,02:24,
01/02/2022,Washington Capitals,4,Pittsburgh Penguins,3,OT,17826,02:43,
01/02/2022,San Jose Sharks,2,Tampa Bay Lightning,3,OT,19092,02:35,
01/02/2022,Buffalo Sabres,2,Vegas Golden Knights,5,,18235,02:27,
02/02/2022,Calgary Flames,4,Arizona Coyotes,2,,9552,02:23,
02/02/2022,Minnesota Wild,5,Chicago Blackhawks,0,,16373,02:15,
02/02/2022,Los Angeles Kings,5,Detroit Red Wings,3,,11553,02:23,
02/02/2022,Seattle Kraken,3,New York Islanders,0,,17255,02:16,
02/02/2022,Edmonton Oilers,5,Washington Capitals,3,,18573,02:26,
07/02/2022,New Jersey Devils,1,Ottawa Senators,4,,500,02:12,
07/02/2022,Carolina Hurricanes,3,Toronto Maple Leafs,4,OT,500,02:39,
08/02/2022,Pittsburgh Penguins,4,Boston Bruins,2,,17850,02:32,
08/02/2022,Vegas Golden Knights,4,Edmonton Oilers,0,,9150,02:18,
08/02/2022,New Jersey Devils,7,Montreal Canadiens,1,,500,02:23,
08/02/2022,Carolina Hurricanes,3,Ottawa Senators,4,,500,02:25,
08/02/2022,Arizona Coyotes,1,Vancouver Canucks,5,,9124,02:21,
08/02/2022,Minnesota Wild,0,Winnipeg Jets,2,,7012,02:23,
08/02/2022,Columbus Blue Jackets,5,Washington Capitals,4,,18573,02:33,
09/02/2022,Vegas Golden Knights,0,Calgary Flames,6,,9639,02:25,
09/02/2022,Nashville Predators,3,Dallas Stars,4,,17780,02:37,
09/02/2022,Chicago Blackhawks,4,Edmonton Oilers,1,,9150,02:22,
09/02/2022,Detroit Red Wings,6,Philadelphia Flyers,3,,13243,02:26,
09/02/2022,Arizona Coyotes,5,Seattle Kraken,2,,17151,02:27,
09/02/2022,New York Islanders,6,Vancouver Canucks,3,,9268,02:18,
10/02/2022,Carolina Hurricanes,6,Boston Bruins,0,,17850,02:43,
10/02/2022,Columbus Blue Jackets,4,Buffalo Sabres,3,OT,8476,02:23,
10/02/2022,Toronto Maple Leafs,2,Calgary Flames,5,,9639,02:27,
10/02/2022,Tampa Bay Lightning,2,Colorado Avalanche,3,,18018,02:41,
10/02/2022,Washington Capitals,5,Montreal Canadiens,2,,500,02:28,
10/02/2022,Pittsburgh Penguins,2,Ottawa Senators,0,,500,02:18,
10/02/2022,New Jersey Devils,7,St. Louis Blues,4,,18096,02:34,
11/02/2022,Seattle Kraken,4,Anaheim Ducks,3,,12530,02:28,
11/02/2022,Tampa Bay Lightning,4,Arizona Coyotes,3,,11727,02:16,
11/02/2022,Winnipeg Jets,3,Dallas Stars,4,OT,18014,02:34,
11/02/2022,New York Islanders,1,Edmonton Oilers,3,,9150,02:20,
12/02/2022,New York Islanders,2,Calgary Flames,5,,9639,02:28,
12/02/2022,Philadelphia Flyers,2,Detroit Red Wings,4,,15965,02:26,
12/02/2022,Carolina Hurricanes,2,Minnesota Wild,3,,18802,02:33,
12/02/2022,Columbus Blue Jackets,2,Montreal Canadiens,1,,500,02:28,
12/02/2022,Winnipeg Jets,5,Nashville Predators,2,,17688,02:30,
12/02/2022,Boston Bruins,2,Ottawa Senators,0,,500,02:28,
12/02/2022,Chicago Blackhawks,1,St. Louis Blues,5,,18096,02:18,
12/02/2022,Toronto Maple Leafs,2,Vancouver Canucks,3,,9396,02:25,
13/02/2022,Colorado Avalanche,4,Dallas Stars,0,,18167,02:20,
13/02/2022,Buffalo Sabres,5,Montreal Canadiens,3,,500,02:19,
13/02/2022,Pittsburgh Penguins,4,New Jersey Devils,2,,11242,02:16,
13/02/2022,Ottawa Senators,4,Washington Capitals,1,,18573,02:31,
14/02/2022,Detroit Red Wings,4,Minnesota Wild,7,,18098,02:41,
14/02/2022,Toronto Maple Leafs,6,Seattle Kraken,2,,17151,02:30,
14/02/2022,Edmonton Oilers,3,San Jose Sharks,0,,11513,02:18,
14/02/2022,Chicago Blackhawks,3,Winnipeg Jets,1,,7511,02:14,
15/02/2022,New York Islanders,3,Buffalo Sabres,6,,9296,02:25,
15/02/2022,Columbus Blue Jackets,2,Calgary Flames,6,,9639,02:20,
15/02/2022,Dallas Stars,4,Colorado Avalanche,1,,17503,02:40,
15/02/2022,Edmonton Oilers,5,Los Angeles Kings,2,,15494,02:28,
15/02/2022,Tampa Bay Lightning,6,New Jersey Devils,3,,10410,02:33,
15/02/2022,Washington Capitals,4,Nashville Predators,1,,17238,02:31,
15/02/2022,Boston Bruins,1,New York Rangers,2,SO,15403,02:38,
15/02/2022,St. Louis Blues,5,Ottawa Senators,2,,500,02:27,
15/02/2022,Philadelphia Flyers,4,Pittsburgh Penguins,5,OT,18385,02:34,
16/02/2022,Florida Panthers,3,Carolina Hurricanes,2,OT,16986,02:35,
16/02/2022,Anaheim Ducks,2,Calgary Flames,6,,9639,02:29,
16/02/2022,Colorado Avalanche,2,Vegas Golden Knights,0,,18209,02:28,
16/02/2022,Minnesota Wild,3,Winnipeg Jets,6,,12527,02:23,
17/02/2022,Ottawa Senators,3,Buffalo Sabres,1,,7026,02:22,
17/02/2022,Columbus Blue Jackets,7,Chicago Blackhawks,4,,19290,02:26,
17/02/2022,Anaheim Ducks,3,Edmonton Oilers,7,,9150,02:31,
17/02/2022,St. Louis Blues,2,Montreal Canadiens,3,OT,500,02:38,
17/02/2022,Boston Bruins,1,New York Islanders,4,,16518,02:20,
17/02/2022,Detroit Red Wings,3,New York Rangers,2,SO,16461,02:43,
17/02/2022,Washington Capitals,5,Philadelphia Flyers,3,,16886,02:36,
17/02/2022,Vancouver Canucks,5,San Jose Sharks,4,OT,10608,02:29,
17/02/2022,Pittsburgh Penguins,1,Toronto Maple Leafs,4,,8139,02:30,
17/02/2022,Seattle Kraken,3,Winnipeg Jets,5,,13071,02:23,
18/02/2022,Nashville Predators,3,Carolina Hurricanes,5,,18911,02:35,
18/02/2022,Dallas Stars,1,Chicago Blackhawks,0,SO,19845,02:24,
18/02/2022,Florida Panthers,6,Minnesota Wild,2,,18300,02:30,
18/02/2022,Los Angeles Kings,4,Vegas Golden Knights,3,OT,18238,02:34,
19/02/2022,Los Angeles Kings,5,Arizona Coyotes,3,,13831,02:17,
19/02/2022,Colorado Avalanche,5,Buffalo Sabres,3,,10526,02:18,
19/02/2022,Seattle Kraken,1,Calgary Flames,2,,9639,02:21,
19/02/2022,Boston Bruins,3,Ottawa Senators,2,OT,5212,02:29,
19/02/2022,St. Louis Blues,6,Toronto Maple Leafs,3,,9098,02:25,
19/02/2022,Anaheim Ducks,7,Vancouver Canucks,4,,18932,02:24,
19/02/2022,Edmonton Oilers,4,Winnipeg Jets,2,,12360,02:26,
20/02/2022,Dallas Stars,1,Arizona Coyotes,3,,10248,02:18,
20/02/2022,Buffalo Sabres,3,Columbus Blue Jackets,7,,18608,02:39,
20/02/2022,Florida Panthers,5,Chicago Blackhawks,2,,19619,02:33,
20/02/2022,Minnesota Wild,7,Edmonton Oilers,3,,9150,02:23,
20/02/2022,Montreal Canadiens,3,New York Islanders,2,SO,17255,02:28,
20/02/2022,New York Rangers,2,Ottawa Senators,1,,5181,02:19,
20/02/2022,Carolina Hurricanes,4,Pittsburgh Penguins,3,,18429,02:25,
20/02/2022,Vegas Golden Knights,4,San Jose Sharks,1,,11504,02:31,
21/02/2022,Colorado Avalanche,1,Boston Bruins,5,,17850,02:32,
21/02/2022,Winnipeg Jets,1,Calgary Flames,3,,9639,02:22,
21/02/2022,Toronto Maple Leafs,2,Montreal Canadiens,5,,10552,02:29,
21/02/2022,Carolina Hurricanes,4,Philadelphia Flyers,3,OT,14591,02:41,
21/02/2022,Seattle Kraken,2,Vancouver Canucks,5,,18346,02:30,
22/02/2022,San Jose Sharks,3,Anaheim Ducks,4,SO,13288,02:44,
22/02/2022,Toronto Maple Leafs,3,Columbus Blue Jackets,4,OT,15489,02:32,
22/02/2022,Nashville Predators,6,Florida Panthers,4,,14234,02:35,
22/02/2022,Minnesota Wild,3,Ottawa Senators,4,,7602,02:20,
22/02/2022,St. Louis Blues,4,Philadelphia Flyers,1,,14929,02:24,
22/02/2022,New York Islanders,5,Seattle Kraken,2,,17151,02:21,
23/02/2022,Los Angeles Kings,3,Arizona Coyotes,2,,9415,02:19,
23/02/2022,Winnipeg Jets,2,Dallas Stars,3,OT,10098,02:27,
23/02/2022,Colorado Avalanche,5,Detroit Red Wings,2,,18562,02:29,
23/02/2022,Buffalo Sabres,0,Montreal Canadiens,4,,10552,02:22,
23/02/2022,Edmonton Oilers,3,Tampa Bay Lightning,5,,19092,02:23,
24/02/2022,Columbus Blue Jackets,6,Florida Panthers,3,,15730,02:27,
24/02/2022,Dallas Stars,1,Nashville Predators,2,SO,17869,02:36,
24/02/2022,Washington Capitals,1,New York Rangers,4,,18006,02:24,
24/02/2022,New Jersey Devils,6,Pittsburgh Penguins,1,,18057,02:22,
24/02/2022,Boston Bruins,3,Seattle Kraken,2,OT,17151,02:30,
24/02/2022,New York Islanders,3,San Jose Sharks,4,SO,11283,02:39,
24/02/2022,Minnesota Wild,1,Toronto Maple Leafs,3,,9410,02:25,
24/02/2022,Calgary Flames,1,Vancouver Canucks,7,,18857,02:35,
25/02/2022,Los Angeles Kings,4,Anaheim Ducks,1,,17174,02:25,
25/02/2022,Vegas Golden Knights,1,Arizona Coyotes,3,,11934,02:20,
25/02/2022,Columbus Blue Jackets,0,Carolina Hurricanes,4,,17112,02:28,
25/02/2022,New Jersey Devils,5,Chicago Blackhawks,8,,19343,02:36,
25/02/2022,Winnipeg Jets,3,Colorado Avalanche,6,,18037,02:24,
25/02/2022,Buffalo Sabres,3,St. Louis Blues,5,,18096,02:23,
26/02/2022,Minnesota Wild,3,Calgary Flames,7,,9639,02:40,
26/02/2022,Toronto Maple Leafs,10,Detroit Red Wings,7,,18791,02:27,
26/02/2022,Edmonton Oilers,4,Florida Panthers,3,,15628,02:34,
26/02/2022,New York Islanders,2,Los Angeles Kings,5,,18230,02:28,
26/02/2022,Tampa Bay Lightning,3,Nashville Predators,2,,68619,02:41,at Nissan Stadium (Nashville TN)
26/02/2022,Montreal Canadiens,2,Ottawa Senators,1,,9958,02:23,
26/02/2022,Washington Capitals,1,Philadelphia Flyers,2,,18276,02:27,
26/02/2022,New York Rangers,0,Pittsburgh Penguins,1,,18413,02:29,
26/02/2022,Boston Bruins,3,San Jose Sharks,1,,17260,02:23,
26/02/2022,Colorado Avalanche,3,Vegas Golden Knights,2,,18333,02:23,
27/02/2022,New York Islanders,4,Anaheim Ducks,0,,14173,02:27,
27/02/2022,Winnipeg Jets,5,Arizona Coyotes,3,,10152,02:19,
27/02/2022,Edmonton Oilers,1,Carolina Hurricanes,2,,18801,02:42,
27/02/2022,Pittsburgh Penguins,3,Columbus Blue Jackets,2,,17072,02:29,
27/02/2022,St. Louis Blues,4,Chicago Blackhawks,0,,19588,02:21,
27/02/2022,Buffalo Sabres,2,Dallas Stars,4,,18532,02:27,
27/02/2022,Vancouver Canucks,5,New York Rangers,2,,16483,02:23,
27/02/2022,Seattle Kraken,1,San Jose Sharks,3,,13171,02:28,
28/02/2022,Boston Bruins,7,Los Angeles Kings,0,,16067,02:35,
28/02/2022,Vancouver Canucks,2,New Jersey Devils,7,,11693,02:28,
28/02/2022,Toronto Maple Leafs,5,Washington Capitals,3,,18573,02:30,
01/03/2022,Boston Bruins,3,Anaheim Ducks,4,,11567,02:32,
01/03/2022,New Jersey Devils,3,Columbus Blue Jackets,4,,13678,02:38,
01/03/2022,New York Islanders,3,Colorado Avalanche,5,,17622,02:23,
01/03/2022,Carolina Hurricanes,3,Detroit Red Wings,4,OT,14874,02:41,
01/03/2022,Calgary Flames,5,Minnesota Wild,1,,16998,02:29,
01/03/2022,Edmonton Oilers,3,Philadelphia Flyers,0,,15114,02:28,
01/03/2022,Ottawa Senators,2,Tampa Bay Lightning,5,,19092,02:35,
01/03/2022,San Jose Sharks,1,Vegas Golden Knights,3,,17819,02:20,
01/03/2022,Montreal Canadiens,4,Winnipeg Jets,8,,13816,02:35,
02/03/2022,Los Angeles Kings,3,Dallas Stars,4,,18046,02:31,
02/03/2022,St. Louis Blues,3,New York Rangers,5,,16870,02:25,
02/03/2022,Nashville Predators,3,Seattle Kraken,4,,17151,02:28,
02/03/2022,Buffalo Sabres,5,Toronto Maple Leafs,1,,17122,02:19,
03/03/2022,Colorado Avalanche,1,Arizona Coyotes,2,,10840,02:25,
03/03/2022,Montreal Canadiens,5,Calgary Flames,4,OT,16288,02:33,
03/03/2022,Edmonton Oilers,3,Chicago Blackhawks,4,OT,19688,02:34,
03/03/2022,Ottawa Senators,0,Florida Panthers,3,,16499,02:36,
03/03/2022,Vancouver Canucks,4,New York Islanders,3,,16412,02:24,
03/03/2022,Minnesota Wild,5,Philadelphia Flyers,4,,13876,02:32,
03/03/2022,Pittsburgh Penguins,5,Tampa Bay Lightning,1,,19092,02:37,
03/03/2022,Boston Bruins,5,Vegas Golden Knights,2,,18109,02:26,
03/03/2022,Carolina Hurricanes,0,Washington Capitals,4,,18573,02:22,
04/03/2022,Vegas Golden Knights,5,Anaheim Ducks,4,,12586,02:31,
04/03/2022,Minnesota Wild,4,Buffalo Sabres,5,,8462,02:29,
04/03/2022,Pittsburgh Penguins,2,Carolina Hurricanes,3,OT,19023,02:40,
04/03/2022,Los Angeles Kings,4,Columbus Blue Jackets,3,OT,15778,02:28,
04/03/2022,New Jersey Devils,1,New York Rangers,3,,18006,02:25,
04/03/2022,Detroit Red Wings,1,Tampa Bay Lightning,3,,19092,02:27,
04/03/2022,Dallas Stars,4,Winnipeg Jets,3,OT,13466,02:34,
05/03/2022,Ottawa Senators,5,Arizona Coyotes,8,,11810,02:27,
05/03/2022,Boston Bruins,5,Columbus Blue Jackets,4,SO,19434,02:39,
05/03/2022,Calgary Flames,4,Colorado Avalanche,3,OT,18087,02:33,
05/03/2022,Montreal Canadiens,5,Edmonton Oilers,2,,18258,02:31,
05/03/2022,Detroit Red Wings,2,Florida Panthers,6,,15890,02:21,
05/03/2022,St. Louis Blues,1,New York Islanders,2,,17255,02:30,
05/03/2022,Chicago Blackhawks,3,Philadelphia Flyers,4,,18448,02:38,
05/03/2022,Nashville Predators,8,San Jose Sharks,0,,13936,02:31,
05/03/2022,Vancouver Canucks,6,Toronto Maple Leafs,4,,17534,02:29,
05/03/2022,Seattle Kraken,2,Washington Capitals,5,,18573,02:25,
06/03/2022,San Jose Sharks,2,Anaheim Ducks,3,OT,12183,02:29,
06/03/2022,Los Angeles Kings,3,Buffalo Sabres,0,,10775,02:32,
06/03/2022,Seattle Kraken,2,Carolina Hurricanes,3,,18156,02:33,
06/03/2022,Tampa Bay Lightning,6,Chicago Blackhawks,3,,18856,02:23,
06/03/2022,Dallas Stars,6,Minnesota Wild,3,,18791,02:42,
06/03/2022,St. Louis Blues,2,New Jersey Devils,3,OT,14923,02:25,
06/03/2022,Ottawa Senators,1,Vegas Golden Knights,2,,17909,02:31,
06/03/2022,New York Rangers,4,Winnipeg Jets,1,,12867,02:16,
07/03/2022,Los Angeles Kings,3,Boston Bruins,2,OT,17850,02:43,
07/03/2022,Florida Panthers,6,Buffalo Sabres,1,,7906,02:24,
07/03/2022,Toronto Maple Leafs,5,Columbus Blue Jackets,4,,14252,02:35,
07/03/2022,Edmonton Oilers,1,Calgary Flames,3,,17246,02:31,
07/03/2022,Colorado Avalanche,5,New York Islanders,4,,16378,02:31,
08/03/2022,Washington Capitals,5,Calgary Flames,4,,15628,02:30,
08/03/2022,Anaheim Ducks,3,Chicago Blackhawks,8,,18591,02:25,
08/03/2022,Arizona Coyotes,9,Detroit Red Wings,2,,14621,02:29,
08/03/2022,New York Rangers,2,Minnesota Wild,5,,18356,02:21,
08/03/2022,Colorado Avalanche,3,New Jersey Devils,5,,12181,02:30,
08/03/2022,Dallas Stars,1,Nashville Predators,2,,17306,02:18,
08/03/2022,Vegas Golden Knights,1,Philadelphia Flyers,2,,14482,02:36,
08/03/2022,Florida Panthers,4,Pittsburgh Penguins,3,,17876,02:29,
08/03/2022,Ottawa Senators,4,St. Louis Blues,1,,18096,02:17,
08/03/2022,Seattle Kraken,4,Toronto Maple Leafs,6,,17547,02:30,
08/03/2022,Tampa Bay Lightning,4,Winnipeg Jets,7,,12925,02:18,
09/03/2022,Washington Capitals,3,Edmonton Oilers,4,OT,16368,02:41,
09/03/2022,Montreal Canadiens,3,Vancouver Canucks,5,,18645,02:26,
10/03/2022,Chicago Blackhawks,3,Boston Bruins,4,,17850,02:31,
10/03/2022,Vegas Golden Knights,1,Buffalo Sabres,3,,12437,02:24,
10/03/2022,Colorado Avalanche,0,Carolina Hurricanes,2,,18056,02:26,
10/03/2022,Tampa Bay Lightning,1,Calgary Flames,4,,15689,02:25,
10/03/2022,Minnesota Wild,6,Detroit Red Wings,5,SO,17461,02:52,
10/03/2022,Philadelphia Flyers,3,Florida Panthers,6,,17193,02:42,
10/03/2022,San Jose Sharks,4,Los Angeles Kings,3,OT,14228,02:28,
10/03/2022,Winnipeg Jets,2,New Jersey Devils,1,,12377,02:16,
10/03/2022,Anaheim Ducks,1,Nashville Predators,4,,17159,02:38,
10/03/2022,Columbus Blue Jackets,0,New York Islanders,6,,16048,02:31,
10/03/2022,Seattle Kraken,3,Ottawa Senators,4,OT,11622,02:29,
10/03/2022,New York Rangers,2,St. Louis Blues,6,,18096,02:24,
10/03/2022,Arizona Coyotes,5,Toronto Maple Leafs,4,OT,17351,02:26,
11/03/2022,Minnesota Wild,2,Columbus Blue Jackets,3,SO,16399,02:41,
11/03/2022,Winnipeg Jets,2,New York Islanders,5,,17255,02:27,
11/03/2022,Vegas Golden Knights,2,Pittsburgh Penguins,5,,18341,02:23,
11/03/2022,Washington Capitals,4,Vancouver Canucks,3,OT,18814,02:33,
12/03/2022,Arizona Coyotes,2,Boston Bruins,3,,17850,02:24,
12/03/2022,Philadelphia Flyers,1,Carolina Hurricanes,3,,18680,02:23,
12/03/2022,Detroit Red Wings,0,Calgary Flames,3,,17658,02:28,
12/03/2022,New York Rangers,7,Dallas Stars,4,,18532,02:27,
12/03/2022,Tampa Bay Lightning,1,Edmonton Oilers,4,,17528,02:39,
12/03/2022,Seattle Kraken,4,Montreal Canadiens,3,SO,20608,02:51,
12/03/2022,Anaheim Ducks,1,New Jersey Devils,2,SO,14783,02:30,
12/03/2022,St. Louis Blues,7,Nashville Predators,4,,17565,02:32,
12/03/2022,Chicago Blackhawks,6,Ottawa Senators,3,,14252,02:26,
12/03/2022,Los Angeles Kings,0,San Jose Sharks,5,,13821,02:18,
13/03/2022,Toronto Maple Leafs,2,Buffalo Sabres,5,,26119,02:46,at Tim Horton's Field (ON Ha)
13/03/2022,Vegas Golden Knights,4,Columbus Blue Jackets,6,,16087,02:33,
13/03/2022,Calgary Flames,0,Colorado Avalanche,3,,18081,02:27,
13/03/2022,Florida Panthers,2,Los Angeles Kings,3,SO,15822,02:39,
13/03/2022,Nashville Predators,6,Minnesota Wild,2,,19009,02:29,
13/03/2022,Anaheim Ducks,3,New York Islanders,4,,17255,02:30,
13/03/2022,Montreal Canadiens,4,Philadelphia Flyers,3,OT,15451,02:35,
13/03/2022,Carolina Hurricanes,2,Pittsburgh Penguins,4,,17866,02:38,
13/03/2022,Winnipeg Jets,4,St. Louis Blues,3,OT,18096,02:28,
13/03/2022,Tampa Bay Lightning,2,Vancouver Canucks,1,,18760,02:28,
14/03/2022,Arizona Coyotes,5,Ottawa Senators,3,,9201,02:22,
15/03/2022,Boston Bruins,2,Chicago Blackhawks,1,OT,19629,02:34,
15/03/2022,Detroit Red Wings,5,Edmonton Oilers,7,,15311,02:30,
15/03/2022,Colorado Avalanche,3,Los Angeles Kings,0,,13967,02:26,
15/03/2022,Arizona Coyotes,6,Montreal Canadiens,3,,20532,02:26,
15/03/2022,Pittsburgh Penguins,1,Nashville Predators,4,,17498,02:23,
15/03/2022,Anaheim Ducks,3,New York Rangers,4,OT,18006,02:28,
15/03/2022,Florida Panthers,3,San Jose Sharks,2,OT,12276,02:33,
15/03/2022,Dallas Stars,0,Toronto Maple Leafs,4,,18543,02:22,
15/03/2022,New Jersey Devils,3,Vancouver Canucks,6,,18562,02:32,
15/03/2022,Vegas Golden Knights,3,Winnipeg Jets,7,,13470,02:25,
15/03/2022,New York Islanders,3,Washington Capitals,4,SO,18573,02:45,
16/03/2022,New Jersey Devils,3,Calgary Flames,6,,15488,02:26,
16/03/2022,Boston Bruins,2,Minnesota Wild,4,,17956,02:40,
16/03/2022,Columbus Blue Jackets,4,Ottawa Senators,1,,10087,02:23,
16/03/2022,Tampa Bay Lightning,4,Seattle Kraken,1,,17151,02:27,
17/03/2022,Washington Capitals,7,Columbus Blue Jackets,2,,15911,02:36,
17/03/2022,Buffalo Sabres,1,Edmonton Oilers,6,,15883,02:28,
17/03/2022,San Jose Sharks,0,Los Angeles Kings,3,,13137,02:17,
17/03/2022,Dallas Stars,4,Montreal Canadiens,3,OT,20714,02:41,
17/03/2022,New York Islanders,2,New York Rangers,1,,18006,02:16,
17/03/2022,Nashville Predators,4,Philadelphia Flyers,5,,18405,02:43,
17/03/2022,Pittsburgh Penguins,3,St. Louis Blues,2,SO,18096,02:43,
17/03/2022,Carolina Hurricanes,2,Toronto Maple Leafs,3,,18134,02:19,
17/03/2022,Detroit Red Wings,1,Vancouver Canucks,0,,18893,02:26,
17/03/2022,Florida Panthers,3,Vegas Golden Knights,5,,18265,02:33,
18/03/2022,Florida Panthers,3,Anaheim Ducks,0,,12296,02:28,
18/03/2022,Washington Capitals,4,Carolina Hurricanes,3,SO,18680,02:59,
18/03/2022,Buffalo Sabres,1,Calgary Flames,0,OT,16685,02:23,
18/03/2022,Philadelphia Flyers,1,Ottawa Senators,3,,11431,02:34,
18/03/2022,Colorado Avalanche,5,San Jose Sharks,3,,13022,02:27,
18/03/2022,Boston Bruins,4,Winnipeg Jets,2,,14191,02:30,
19/03/2022,Pittsburgh Penguins,4,Arizona Coyotes,1,,14507,02:19,
19/03/2022,St. Louis Blues,4,Columbus Blue Jackets,5,,19005,02:29,
19/03/2022,New Jersey Devils,3,Edmonton Oilers,6,,16950,02:35,
19/03/2022,Chicago Blackhawks,1,Minnesota Wild,3,,19226,02:26,
19/03/2022,Ottawa Senators,1,Montreal Canadiens,5,,21105,02:29,
19/03/2022,Toronto Maple Leafs,3,Nashville Predators,6,,17692,02:38,
19/03/2022,Dallas Stars,2,New York Islanders,4,,17255,02:26,
19/03/2022,Detroit Red Wings,2,Seattle Kraken,4,,17151,02:30,
19/03/2022,New York Rangers,2,Tampa Bay Lightning,1,,19092,02:34,
19/03/2022,Calgary Flames,5,Vancouver Canucks,2,,18865,02:22,
19/03/2022,Los Angeles Kings,1,Vegas Golden Knights,5,,18136,02:28,
20/03/2022,New York Rangers,2,Carolina Hurricanes,0,,18680,02:23,
20/03/2022,Winnipeg Jets,6,Chicago Blackhawks,4,,19251,02:25,
20/03/2022,New York Islanders,1,Philadelphia Flyers,2,,17218,02:24,
20/03/2022,Arizona Coyotes,2,San Jose Sharks,4,,13349,02:18,
20/03/2022,Buffalo Sabres,3,Vancouver Canucks,2,OT,18873,02:32,
20/03/2022,Dallas Stars,3,Washington Capitals,2,,18573,02:33,
21/03/2022,Nashville Predators,6,Anaheim Ducks,3,,11679,02:33,
21/03/2022,Edmonton Oilers,2,Colorado Avalanche,3,OT,18022,02:30,
21/03/2022,Vegas Golden Knights,0,Minnesota Wild,3,,17498,02:20,
21/03/2022,Boston Bruins,3,Montreal Canadiens,2,OT,20922,02:27,
22/03/2022,Seattle Kraken,4,Arizona Coyotes,2,,11670,02:19,
22/03/2022,Tampa Bay Lightning,2,Carolina Hurricanes,3,,16783,02:41,
22/03/2022,San Jose Sharks,4,Calgary Flames,3,,15594,02:29,
22/03/2022,Edmonton Oilers,3,Dallas Stars,5,,18532,02:28,
22/03/2022,Philadelphia Flyers,3,Detroit Red Wings,6,,15521,02:30,
22/03/2022,Nashville Predators,1,Los Angeles Kings,6,,12629,02:21,
22/03/2022,New York Rangers,4,New Jersey Devils,7,,16514,02:25,
22/03/2022,Ottawa Senators,0,New York Islanders,3,,15856,02:17,
22/03/2022,Columbus Blue Jackets,1,Pittsburgh Penguins,5,,18196,02:21,
22/03/2022,Vegas Golden Knights,0,Winnipeg Jets,4,,13690,02:23,
22/03/2022,St. Louis Blues,5,Washington Capitals,2,,18573,02:18,
23/03/2022,Chicago Blackhawks,4,Anaheim Ducks,2,,11740,02:30,
23/03/2022,Pittsburgh Penguins,3,Buffalo Sabres,4,SO,9399,02:35,
23/03/2022,Vancouver Canucks,3,Colorado Avalanche,1,,17482,02:21,
23/03/2022,New Jersey Devils,2,Toronto Maple Leafs,3,,18739,02:27,
24/03/2022,Tampa Bay Lightning,2,Boston Bruins,3,,17850,02:39,
24/03/2022,Dallas Stars,4,Carolina Hurricanes,3,SO,16421,02:41,
24/03/2022,San Jose Sharks,2,Edmonton Oilers,5,,16740,02:30,
24/03/2022,Chicago Blackhawks,4,Los Angeles Kings,3,SO,13518,02:38,
24/03/2022,Vancouver Canucks,2,Minnesota Wild,3,OT,17333,02:39,
24/03/2022,Florida Panthers,4,Montreal Canadiens,3,,20788,02:34,
24/03/2022,Detroit Red Wings,2,New York Islanders,5,,16429,02:19,
24/03/2022,Philadelphia Flyers,5,St. Louis Blues,2,,18096,02:19,
24/03/2022,Nashville Predators,1,Vegas Golden Knights,6,,18021,02:42,
24/03/2022,Ottawa Senators,5,Winnipeg Jets,2,,14175,02:24,
25/03/2022,Washington Capitals,4,Buffalo Sabres,3,SO,9740,02:35,
25/03/2022,Arizona Coyotes,2,Calgary Flames,4,,16526,02:23,
25/03/2022,Philadelphia Flyers,3,Colorado Avalanche,6,,18051,02:33,
25/03/2022,Pittsburgh Penguins,1,New York Rangers,5,,18006,02:20,
25/03/2022,Columbus Blue Jackets,3,Winnipeg Jets,4,OT,13475,02:30,
26/03/2022,New York Islanders,3,Boston Bruins,6,,17850,02:32,
26/03/2022,Edmonton Oilers,5,Calgary Flames,9,,19289,02:40,
26/03/2022,Vancouver Canucks,4,Dallas Stars,1,,18532,02:36,
26/03/2022,Tampa Bay Lightning,2,Detroit Red Wings,1,OT,19515,02:44,
26/03/2022,Seattle Kraken,2,Los Angeles Kings,4,,18230,02:20,
26/03/2022,Columbus Blue Jackets,2,Minnesota Wild,3,OT,19089,02:41,
26/03/2022,Toronto Maple Leafs,2,Montreal Canadiens,4,,21105,02:30,
26/03/2022,Florida Panthers,4,Ottawa Senators,3,SO,17201,02:54,
26/03/2022,Anaheim Ducks,1,San Jose Sharks,4,,14161,02:19,
26/03/2022,Carolina Hurricanes,7,St. Louis Blues,2,,18096,02:28,
26/03/2022,Chicago Blackhawks,4,Vegas Golden Knights,5,OT,18301,02:33,
26/03/2022,New Jersey Devils,3,Washington Capitals,4,,18573,02:30,
27/03/2022,Colorado Avalanche,2,Minnesota Wild,3,OT,19140,02:43,
27/03/2022,Montreal Canadiens,2,New Jersey Devils,3,SO,12080,02:42,
27/03/2022,Philadelphia Flyers,4,Nashville Predators,5,,17414,02:29,
27/03/2022,Tampa Bay Lightning,4,New York Islanders,1,,17255,02:39,
27/03/2022,Buffalo Sabres,4,New York Rangers,5,OT,18006,02:25,
27/03/2022,Detroit Red Wings,2,Pittsburgh Penguins,11,,17842,02:34,
27/03/2022,Florida Panthers,2,Toronto Maple Leafs,5,,18939,02:32,
27/03/2022,Arizona Coyotes,1,Winnipeg Jets,2,OT,13825,02:27,
28/03/2022,Buffalo Sabres,6,Chicago Blackhawks,5,,18648,02:23,
28/03/2022,Arizona Coyotes,1,Edmonton Oilers,6,,15237,02:25,
28/03/2022,Seattle Kraken,6,Los Angeles Kings,1,,13919,02:30,
28/03/2022,Vancouver Canucks,1,St. Louis Blues,4,,18096,02:19,
28/03/2022,Carolina Hurricanes,6,Washington Capitals,1,,18573,02:25,
29/03/2022,Dallas Stars,3,Anaheim Ducks,2,,12617,02:30,
29/03/2022,Toronto Maple Leafs,6,Boston Bruins,4,,17850,02:34,
29/03/2022,New York Islanders,4,Columbus Blue Jackets,3,,15557,02:22,
29/03/2022,Colorado Avalanche,2,Calgary Flames,1,,16543,02:40,
29/03/2022,Montreal Canadiens,4,Florida Panthers,7,,15587,02:39,
29/03/2022,Philadelphia Flyers,1,Minnesota Wild,4,,17874,02:25,
29/03/2022,Ottawa Senators,1,Nashville Predators,4,,17176,02:41,
29/03/2022,New York Rangers,3,Pittsburgh Penguins,2,,18011,02:17,
29/03/2022,Carolina Hurricanes,3,Tampa Bay Lightning,4,OT,19092,02:37,
30/03/2022,San Jose Sharks,2,Arizona Coyotes,5,,9949,02:23,
30/03/2022,Winnipeg Jets,3,Buffalo Sabres,2,SO,8055,02:30,
30/03/2022,New York Rangers,5,Detroit Red Wings,4,OT,16375,02:27,
30/03/2022,Los Angeles Kings,3,Edmonton Oilers,4,SO,16472,02:38,
30/03/2022,Vegas Golden Knights,3,Seattle Kraken,0,,17151,02:19,
30/03/2022,St. Louis Blues,4,Vancouver Canucks,3,,18809,02:22,
31/03/2022,Dallas Stars,3,Anaheim Ducks,2,OT,12385,02:30,
31/03/2022,New Jersey Devils,1,Boston Bruins,8,,17850,02:49,
31/03/2022,Montreal Canadiens,0,Carolina Hurricanes,4,,15289,02:30,
31/03/2022,Los Angeles Kings,3,Calgary Flames,2,SO,16398,02:34,
31/03/2022,San Jose Sharks,2,Colorado Avalanche,4,,18013,02:25,
31/03/2022,Chicago Blackhawks,0,Florida Panthers,4,,15218,02:30,
31/03/2022,Pittsburgh Penguins,4,Minnesota Wild,3,OT,18978,02:41,
31/03/2022,Columbus Blue Jackets,2,New York Islanders,5,,17255,02:19,
31/03/2022,Winnipeg Jets,3,Toronto Maple Leafs,7,,18517,02:39,
01/04/2022,Anaheim Ducks,5,Arizona Coyotes,0,,13587,02:27,
01/04/2022,Nashville Predators,3,Buffalo Sabres,4,,19070,02:22,
01/04/2022,Ottawa Senators,5,Detroit Red Wings,2,,17563,02:32,
01/04/2022,St. Louis Blues,5,Edmonton Oilers,6,OT,16310,02:34,
01/04/2022,New York Islanders,3,New York Rangers,0,,17325,02:21,
01/04/2022,Vegas Golden Knights,5,Seattle Kraken,2,,17151,02:29,
01/04/2022,Chicago Blackhawks,2,Tampa Bay Lightning,5,,19092,02:24,
02/04/2022,Columbus Blue Jackets,2,Boston Bruins,5,,17850,02:23,
02/04/2022,Minnesota Wild,3,Carolina Hurricanes,1,,16375,02:35,
02/04/2022,St. Louis Blues,6,Calgary Flames,4,,16422,02:32,
02/04/2022,Pittsburgh Penguins,2,Colorado Avalanche,3,,18102,02:37,
02/04/2022,Florida Panthers,7,New Jersey Devils,6,OT,12284,02:29,
02/04/2022,Toronto Maple Leafs,6,Philadelphia Flyers,3,,17097,02:24,
02/04/2022,Dallas Stars,5,San Jose Sharks,4,,14021,02:19,
02/04/2022,Montreal Canadiens,5,Tampa Bay Lightning,4,SO,19092,02:43,
02/04/2022,Los Angeles Kings,3,Winnipeg Jets,2,,14067,02:25,
03/04/2022,Edmonton Oilers,6,Anaheim Ducks,1,,13689,02:30,
03/04/2022,Florida Panthers,5,Buffalo Sabres,3,,11787,02:29,
03/04/2022,Arizona Coyotes,3,Chicago Blackhawks,2,OT,19869,02:30,
03/04/2022,New York Islanders,4,New Jersey Devils,3,,14620,02:26,
03/04/2022,Philadelphia Flyers,4,New York Rangers,3,SO,16005,02:40,
03/04/2022,Detroit Red Wings,2,Ottawa Senators,5,,16402,02:27,
03/04/2022,Dallas Stars,1,Seattle Kraken,4,,17151,02:27,
03/04/2022,Vegas Golden Knights,3,Vancouver Canucks,2,OT,18969,02:27,
03/04/2022,Minnesota Wild,5,Washington Capitals,1,,18573,02:28,
04/04/2022,Boston Bruins,3,Columbus Blue Jackets,2,OT,16396,02:45,
04/04/2022,Calgary Flames,3,Los Angeles Kings,2,,13464,02:30,
04/04/2022,Arizona Coyotes,1,St. Louis Blues,5,,17163,02:19,
04/04/2022,Toronto Maple Leafs,6,Tampa Bay Lightning,2,,19092,02:31,
05/04/2022,Carolina Hurricanes,2,Buffalo Sabres,4,,8984,02:25,
05/04/2022,New York Islanders,2,Dallas Stars,3,,17876,02:24,
05/04/2022,Boston Bruins,3,Detroit Red Wings,5,,15734,02:35,
05/04/2022,Toronto Maple Leafs,6,Florida Panthers,7,OT,15260,02:49,
05/04/2022,Ottawa Senators,6,Montreal Canadiens,3,,20566,02:27,
05/04/2022,New York Rangers,3,New Jersey Devils,1,,15020,02:20,
05/04/2022,Minnesota Wild,2,Nashville Predators,6,,17244,02:43,
05/04/2022,Columbus Blue Jackets,4,Philadelphia Flyers,2,,14367,02:24,
05/04/2022,Colorado Avalanche,6,Pittsburgh Penguins,4,,17409,02:31,
05/04/2022,Edmonton Oilers,2,San Jose Sharks,1,OT,12046,02:20,
06/04/2022,Calgary Flames,4,Anaheim Ducks,2,,13417,02:21,
06/04/2022,Seattle Kraken,1,St. Louis Blues,4,,18096,02:21,
06/04/2022,Vancouver Canucks,5,Vegas Golden Knights,1,,18113,02:20,
06/04/2022,Detroit Red Wings,3,Winnipeg Jets,1,,13484,02:21,
06/04/2022,Tampa Bay Lightning,3,Washington Capitals,4,,18573,02:38,
07/04/2022,Vancouver Canucks,5,Arizona Coyotes,1,,9679,02:14,
07/04/2022,Buffalo Sabres,3,Carolina Hurricanes,5,,15639,02:18,
07/04/2022,Philadelphia Flyers,4,Columbus Blue Jackets,1,,17118,02:11,
07/04/2022,Seattle Kraken,2,Chicago Blackhawks,0,,18677,02:16,
07/04/2022,Toronto Maple Leafs,4,Dallas Stars,3,OT,18012,02:31,
07/04/2022,Edmonton Oilers,3,Los Angeles Kings,2,,15149,02:21,
07/04/2022,Montreal Canadiens,7,New Jersey Devils,4,,10435,02:24,
07/04/2022,Pittsburgh Penguins,0,New York Rangers,3,,16694,02:24,
07/04/2022,Nashville Predators,3,Ottawa Senators,2,,12103,02:42,
07/04/2022,Calgary Flames,4,San Jose Sharks,2,,11426,02:27,
08/04/2022,New York Islanders,2,Carolina Hurricanes,1,,17279,02:18,
08/04/2022,Buffalo Sabres,3,Florida Panthers,4,,17728,02:20,
08/04/2022,Minnesota Wild,3,St. Louis Blues,4,OT,18096,02:35,
08/04/2022,Boston Bruins,2,Tampa Bay Lightning,1,OT,19092,02:34,
08/04/2022,Colorado Avalanche,5,Winnipeg Jets,4,OT,13900,02:35,
09/04/2022,New Jersey Devils,3,Dallas Stars,1,,18127,02:23,
09/04/2022,Columbus Blue Jackets,5,Detroit Red Wings,4,OT,19515,02:34,
09/04/2022,Colorado Avalanche,2,Edmonton Oilers,1,SO,18347,02:37,
09/04/2022,Florida Panthers,4,Nashville Predators,1,,17465,02:30,
09/04/2022,Ottawa Senators,1,New York Rangers,5,,18006,02:26,
09/04/2022,Anaheim Ducks,5,Philadelphia Flyers,3,,17455,02:28,
09/04/2022,Washington Capitals,6,Pittsburgh Penguins,3,,18404,02:39,
09/04/2022,Calgary Flames,4,Seattle Kraken,1,,17151,02:24,
09/04/2022,New York Islanders,1,St. Louis Blues,6,,18096,02:27,
09/04/2022,Montreal Canadiens,2,Toronto Maple Leafs,3,,19113,02:28,
09/04/2022,San Jose Sharks,2,Vancouver Canucks,4,,18607,02:34,
09/04/2022,Arizona Coyotes,1,Vegas Golden Knights,6,,18123,02:23,
10/04/2022,Anaheim Ducks,2,Carolina Hurricanes,5,,17342,02:36,
10/04/2022,Dallas Stars,6,Chicago Blackhawks,4,,18809,02:25,
10/04/2022,Los Angeles Kings,3,Minnesota Wild,6,,19104,02:29,
10/04/2022,Winnipeg Jets,4,Ottawa Senators,3,,12207,02:33,
10/04/2022,Nashville Predators,2,Pittsburgh Penguins,3,OT,17553,02:35,
10/04/2022,Buffalo Sabres,0,Tampa Bay Lightning,5,,19092,02:22,
10/04/2022,Boston Bruins,2,Washington Capitals,4,,18573,02:39,
11/04/2022,Winnipeg Jets,4,Montreal Canadiens,2,,20728,02:23,
12/04/2022,New Jersey Devils,6,Arizona Coyotes,2,,8679,02:23,
12/04/2022,St. Louis Blues,4,Boston Bruins,2,,17850,02:31,
12/04/2022,Seattle Kraken,3,Calgary Flames,5,,16392,02:28,
12/04/2022,Los Angeles Kings,5,Chicago Blackhawks,2,,18032,02:19,
12/04/2022,Tampa Bay Lightning,0,Dallas Stars,1,,17567,02:28,
12/04/2022,Ottawa Senators,4,Detroit Red Wings,1,,16093,02:24,
12/04/2022,Anaheim Ducks,2,Florida Panthers,3,OT,16204,02:32,
12/04/2022,Edmonton Oilers,1,Minnesota Wild,5,,19035,02:32,
12/04/2022,San Jose Sharks,0,Nashville Predators,1,OT,17159,02:38,
12/04/2022,Pittsburgh Penguins,4,New York Islanders,5,SO,15924,02:40,
12/04/2022,Carolina Hurricanes,4,New York Rangers,2,,18006,02:26,
12/04/2022,Buffalo Sabres,5,Toronto Maple Leafs,2,,18393,02:24,
12/04/2022,Vegas Golden Knights,4,Vancouver Canucks,5,OT,18717,02:30,
12/04/2022,Philadelphia Flyers,2,Washington Capitals,9,,18573,02:29,
13/04/2022,Montreal Canadiens,1,Columbus Blue Jackets,5,,16708,02:24,
13/04/2022,Los Angeles Kings,3,Colorado Avalanche,9,,18017,02:22,
13/04/2022,New York Rangers,4,Philadelphia Flyers,0,,15967,02:19,
14/04/2022,Ottawa Senators,3,Boston Bruins,2,,17850,02:39,
14/04/2022,St. Louis Blues,6,Buffalo Sabres,2,,11565,02:22,
14/04/2022,Detroit Red Wings,3,Carolina Hurricanes,0,,17811,02:31,
14/04/2022,Vegas Golden Knights,6,Calgary Flames,1,,17070,02:30,
14/04/2022,San Jose Sharks,4,Chicago Blackhawks,5,SO,19501,02:45,
14/04/2022,New Jersey Devils,1,Colorado Avalanche,3,,18024,02:20,
14/04/2022,Minnesota Wild,3,Dallas Stars,2,OT,18110,02:31,
14/04/2022,Edmonton Oilers,4,Nashville Predators,0,,17403,02:34,
14/04/2022,New York Islanders,3,Pittsburgh Penguins,6,,18236,02:29,
14/04/2022,Anaheim Ducks,3,Tampa Bay Lightning,4,OT,19092,02:35,
14/04/2022,Washington Capitals,3,Toronto Maple Leafs,7,,18466,02:30,
14/04/2022,Arizona Coyotes,1,Vancouver Canucks,7,,18890,02:22,
15/04/2022,Winnipeg Jets,1,Florida Panthers,6,,17625,02:27,
15/04/2022,New York Islanders,3,Montreal Canadiens,0,,21105,02:22,
16/04/2022,Pittsburgh Penguins,1,Boston Bruins,2,,17850,02:26,
16/04/2022,Philadelphia Flyers,3,Buffalo Sabres,4,,11046,02:24,
16/04/2022,Arizona Coyotes,1,Calgary Flames,9,,16823,02:26,
16/04/2022,Carolina Hurricanes,4,Colorado Avalanche,7,,18091,02:34,
16/04/2022,San Jose Sharks,1,Dallas Stars,2,,18532,02:22,
16/04/2022,Vegas Golden Knights,0,Edmonton Oilers,4,,17757,02:31,
16/04/2022,Columbus Blue Jackets,1,Los Angeles Kings,2,,18230,02:23,
16/04/2022,Washington Capitals,8,Montreal Canadiens,4,,21105,02:43,
16/04/2022,Chicago Blackhawks,3,Nashville Predators,4,,17159,02:36,
16/04/2022,Detroit Red Wings,0,New York Rangers,4,,18006,02:18,
16/04/2022,Toronto Maple Leafs,5,Ottawa Senators,4,OT,18655,02:35,
16/04/2022,New Jersey Devils,3,Seattle Kraken,4,SO,17151,02:40,
16/04/2022,Minnesota Wild,5,St. Louis Blues,6,OT,18096,02:43,
16/04/2022,Winnipeg Jets,4,Tampa Bay Lightning,7,,19092,02:27,
17/04/2022,Columbus Blue Jackets,4,Anaheim Ducks,6,,13635,02:24,
17/04/2022,Florida Panthers,6,Detroit Red Wings,1,,14566,02:23,
17/04/2022,San Jose Sharks,4,Minnesota Wild,5,OT,19029,02:28,
17/04/2022,St. Louis Blues,8,Nashville Predators,3,,17277,02:30,
17/04/2022,Buffalo Sabres,5,Philadelphia Flyers,3,,14377,02:28,
17/04/2022,New York Islanders,2,Toronto Maple Leafs,4,,17464,02:29,
18/04/2022,Carolina Hurricanes,5,Arizona Coyotes,3,,8496,02:27,
18/04/2022,Calgary Flames,5,Chicago Blackhawks,2,,18523,02:23,
18/04/2022,Washington Capitals,3,Colorado Avalanche,2,,18020,02:28,
18/04/2022,Ottawa Senators,2,Seattle Kraken,4,,17151,02:31,
18/04/2022,Dallas Stars,2,Vancouver Canucks,6,,18890,02:29,
18/04/2022,New Jersey Devils,3,Vegas Golden Knights,2,,18077,02:24,
19/04/2022,Los Angeles Kings,2,Anaheim Ducks,1,,17174,02:24,
19/04/2022,Minnesota Wild,2,Montreal Canadiens,0,,20725,02:26,
19/04/2022,Calgary Flames,2,Nashville Predators,3,SO,17237,02:43,
19/04/2022,Florida Panthers,3,New York Islanders,2,OT,17255,02:28,
19/04/2022,Winnipeg Jets,0,New York Rangers,3,,18006,02:23,
19/04/2022,Columbus Blue Jackets,2,San Jose Sharks,3,,11894,02:18,
19/04/2022,Boston Bruins,3,St. Louis Blues,2,OT,18096,02:29,
19/04/2022,Detroit Red Wings,4,Tampa Bay Lightning,3,,19092,02:31,
19/04/2022,Philadelphia Flyers,2,Toronto Maple Leafs,5,,18291,02:29,
19/04/2022,Ottawa Senators,4,Vancouver Canucks,3,SO,18845,00:28,
20/04/2022,Chicago Blackhawks,4,Arizona Coyotes,3,OT,11916,02:35,
20/04/2022,Dallas Stars,2,Edmonton Oilers,5,,16833,02:27,
20/04/2022,Colorado Avalanche,2,Seattle Kraken,3,,17151,02:17,
20/04/2022,Washington Capitals,3,Vegas Golden Knights,4,OT,18240,02:38,
21/04/2022,Winnipeg Jets,2,Carolina Hurricanes,4,,17587,02:26,
21/04/2022,Dallas Stars,2,Calgary Flames,4,,17280,02:27,
21/04/2022,Detroit Red Wings,2,Florida Panthers,5,,16238,02:26,
21/04/2022,Chicago Blackhawks,1,Los Angeles Kings,4,,18230,02:17,
21/04/2022,Vancouver Canucks,3,Minnesota Wild,6,,17894,02:28,
21/04/2022,Philadelphia Flyers,6,Montreal Canadiens,3,,21105,02:30,
21/04/2022,Buffalo Sabres,5,New Jersey Devils,2,,12014,02:19,
21/04/2022,New York Rangers,6,New York Islanders,3,,17255,02:16,
21/04/2022,Boston Bruins,0,Pittsburgh Penguins,4,,18350,02:30,
21/04/2022,St. Louis Blues,3,San Jose Sharks,1,,12136,02:15,
21/04/2022,Toronto Maple Leafs,1,Tampa Bay Lightning,8,,19092,02:47,
22/04/2022,Washington Capitals,2,Arizona Coyotes,0,,14053,02:23,
22/04/2022,Ottawa Senators,2,Columbus Blue Jackets,1,SO,18116,02:40,
22/04/2022,Colorado Avalanche,3,Edmonton Oilers,6,,18347,02:29,
22/04/2022,Seattle Kraken,3,Minnesota Wild,6,,19047,02:26,
23/04/2022,St. Louis Blues,5,Arizona Coyotes,4,OT,12717,02:23,
23/04/2022,New York Rangers,1,Boston Bruins,3,,17850,02:26,
23/04/2022,New York Islanders,3,Buffalo Sabres,5,,12955,02:21,
23/04/2022,Vancouver Canucks,3,Calgary Flames,6,,17533,02:31,
23/04/2022,Seattle Kraken,2,Dallas Stars,3,,18532,02:29,
23/04/2022,Pittsburgh Penguins,7,Detroit Red Wings,2,,19515,02:26,
23/04/2022,Toronto Maple Leafs,2,Florida Panthers,3,OT,17132,02:29,
23/04/2022,Anaheim Ducks,2,Los Angeles Kings,4,,18230,02:28,
23/04/2022,Carolina Hurricanes,3,New Jersey Devils,2,OT,10376,02:27,
23/04/2022,Montreal Canadiens,4,Ottawa Senators,6,,19410,02:37,
23/04/2022,Chicago Blackhawks,1,San Jose Sharks,4,,17562,02:15,
23/04/2022,Nashville Predators,2,Tampa Bay Lightning,6,,19092,02:32,
24/04/2022,St. Louis Blues,6,Anaheim Ducks,3,,17446,02:26,
24/04/2022,Edmonton Oilers,2,Columbus Blue Jackets,5,,18120,02:27,
24/04/2022,Tampa Bay Lightning,8,Florida Panthers,4,,17036,02:44,
24/04/2022,Boston Bruins,5,Montreal Canadiens,3,,21105,02:33,
24/04/2022,Detroit Red Wings,3,New Jersey Devils,0,,11492,02:13,
24/04/2022,Minnesota Wild,5,Nashville Predators,4,OT,17160,02:49,
24/04/2022,Carolina Hurricanes,5,New York Islanders,2,,15945,02:20,
24/04/2022,Pittsburgh Penguins,1,Philadelphia Flyers,4,,18601,02:37,
24/04/2022,San Jose Sharks,5,Vegas Golden Knights,4,SO,18367,02:46,
24/04/2022,Colorado Avalanche,1,Winnipeg Jets,4,,14443,02:27,
24/04/2022,Toronto Maple Leafs,4,Washington Capitals,3,SO,18573,02:47,
25/04/2022,Philadelphia Flyers,1,Chicago Blackhawks,3,,18642,02:26,
26/04/2022,Florida Panthers,2,Boston Bruins,4,,17850,02:34,
26/04/2022,St. Louis Blues,3,Colorado Avalanche,5,,18071,02:30,
26/04/2022,Vegas Golden Knights,2,Dallas Stars,3,SO,18532,02:50,
26/04/2022,Arizona Coyotes,5,Minnesota Wild,3,,18383,02:32,
26/04/2022,Calgary Flames,5,Nashville Predators,4,OT,17498,02:50,
26/04/2022,Carolina Hurricanes,4,New York Rangers,3,,17358,02:31,
26/04/2022,New Jersey Devils,4,Ottawa Senators,5,OT,13101,02:38,
26/04/2022,Edmonton Oilers,5,Pittsburgh Penguins,1,,17804,02:26,
26/04/2022,Anaheim Ducks,5,San Jose Sharks,2,,13378,02:26,
26/04/2022,Columbus Blue Jackets,1,Tampa Bay Lightning,4,,19092,02:15,
26/04/2022,Detroit Red Wings,0,Toronto Maple Leafs,3,,18107,02:20,
26/04/2022,Seattle Kraken,2,Vancouver Canucks,5,,18261,02:21,
26/04/2022,New York Islanders,4,Washington Capitals,1,,18573,02:21,
27/04/2022,Vegas Golden Knights,3,Chicago Blackhawks,4,SO,19660,02:35,
27/04/2022,Arizona Coyotes,4,Dallas Stars,3,OT,18025,02:40,
27/04/2022,Montreal Canadiens,4,New York Rangers,3,,16845,02:23,
27/04/2022,Los Angeles Kings,5,Seattle Kraken,3,,17151,02:27,
27/04/2022,Philadelphia Flyers,0,Winnipeg Jets,4,,13383,02:23,
28/04/2022,Buffalo Sabres,0,Boston Bruins,5,,17850,02:32,
28/04/2022,New Jersey Devils,3,Carolina Hurricanes,6,,18040,02:22,
28/04/2022,Tampa Bay Lightning,2,Columbus Blue Jackets,5,,18234,02:29,
28/04/2022,Nashville Predators,5,Colorado Avalanche,4,SO,18011,02:52,
28/04/2022,San Jose Sharks,4,Edmonton Oilers,5,OT,16692,02:29,
28/04/2022,Calgary Flames,2,Minnesota Wild,3,OT,18490,02:25,
28/04/2022,Washington Capitals,1,New York Islanders,5,,16722,02:26,
28/04/2022,Florida Panthers,4,Ottawa Senators,0,,17102,02:14,
28/04/2022,Los Angeles Kings,2,Vancouver Canucks,3,OT,18779,02:25,
29/04/2022,Nashville Predators,4,Arizona Coyotes,5,,15123,02:31,
29/04/2022,Chicago Blackhawks,2,Buffalo Sabres,3,OT,16505,02:20,
29/04/2022,Anaheim Ducks,2,Dallas Stars,4,,18532,02:15,
29/04/2022,Vancouver Canucks,2,Edmonton Oilers,3,SO,18347,02:34,
29/04/2022,Colorado Avalanche,1,Minnesota Wild,4,,19261,02:29,
29/04/2022,Florida Panthers,2,Montreal Canadiens,10,,21105,02:28,
29/04/2022,Detroit Red Wings,5,New Jersey Devils,3,,14597,02:17,
29/04/2022,Tampa Bay Lightning,6,New York Islanders,4,,17255,02:26,
29/04/2022,Washington Capitals,2,New York Rangers,3,,17230,02:28,
29/04/2022,Ottawa Senators,4,Philadelphia Flyers,2,,17575,02:33,
29/04/2022,Columbus Blue Jackets,3,Pittsburgh Penguins,5,,18402,02:29,
29/04/2022,San Jose Sharks,0,Seattle Kraken,3,,17151,02:16,
29/04/2022,Vegas Golden Knights,7,St. Louis Blues,4,,18096,02:23,
29/04/2022,Boston Bruins,2,Toronto Maple Leafs,5,,18219,02:29,
29/04/2022,Calgary Flames,1,Winnipeg Jets,3,,14202,02:21,
01/05/2022,Seattle Kraken,3,Winnipeg Jets,4,,14443,02:10,